,Datum,Leistung erneuerbar (MW),Leistung erneuerbar (GW)
0,2020-01-01,18378.89875,18.37889875
1,2020-01-02,25234.198333333334,25.234198333333335
2,2020-01-03,40357.41166666667,40.357411666666664
3,2020-01-04,41126.7275,41.1267275
4,2020-01-05,21438.916666666668,21.438916666666668
5,2020-01-06,25156.087083333332,25.156087083333333
6,2020-01-07,28251.900416666667,28.25190041666667
7,2020-01-08,31606.10375,31.60610375
8,2020-01-09,30327.2925,30.3272925
9,2020-01-10,33994.93208333333,33.99493208333333
10,2020-01-11,30297.82083333333,30.297820833333333
11,2020-01-12,40919.417083333334,40.919417083333336
12,2020-01-13,27248.241250000003,27.248241250000003
13,2020-01-14,46599.0725,46.599072500000005
14,2020-01-15,44913.69166666667,44.91369166666667
15,2020-01-16,28918.620833333334,28.918620833333335
16,2020-01-17,33248.934583333335,33.24893458333334
17,2020-01-18,30065.320000000003,30.065320000000003
18,2020-01-19,20066.465,20.066465
19,2020-01-20,18109.15125,18.10915125
20,2020-01-21,25144.559999999998,25.14456
21,2020-01-22,18331.181666666667,18.331181666666666
22,2020-01-23,12847.595833333333,12.847595833333333
23,2020-01-24,17495.804583333334,17.495804583333335
24,2020-01-25,15633.90375,15.63390375
25,2020-01-26,18189.592916666665,18.189592916666665
26,2020-01-27,31729.632500000003,31.729632500000005
27,2020-01-28,41907.74291666667,41.90774291666667
28,2020-01-29,43692.935,43.692935
29,2020-01-30,43661.3925,43.661392500000005
30,2020-01-31,45749.830416666664,45.74983041666666
31,2020-02-01,46429.12791666667,46.42912791666667
32,2020-02-02,32306.6775,32.3066775
33,2020-02-03,36080.6725,36.0806725
34,2020-02-04,37920.931666666664,37.92093166666666
35,2020-02-05,27214.78125,27.21478125
36,2020-02-06,23019.564583333336,23.019564583333338
37,2020-02-07,20355.10875,20.35510875
38,2020-02-08,29402.519166666665,29.402519166666664
39,2020-02-09,44960.572916666664,44.96057291666666
40,2020-02-10,49310.89124999999,49.31089124999999
41,2020-02-11,52399.424999999996,52.399424999999994
42,2020-02-12,48988.505833333336,48.988505833333335
43,2020-02-13,34153.53333333333,34.153533333333336
44,2020-02-14,20498.740833333333,20.498740833333333
45,2020-02-15,39677.6925,39.6776925
46,2020-02-16,48014.90666666667,48.01490666666667
47,2020-02-17,44720.12416666667,44.72012416666667
48,2020-02-18,48780.003333333334,48.78000333333333
49,2020-02-19,43292.39625,43.292396249999996
50,2020-02-20,40037.659166666665,40.037659166666664
51,2020-02-21,47082.58958333333,47.08258958333333
52,2020-02-22,51539.6875,51.5396875
53,2020-02-23,44327.86958333334,44.32786958333334
54,2020-02-24,36425.38041666667,36.42538041666667
55,2020-02-25,45223.315,45.223315
56,2020-02-26,28914.62875,28.91462875
57,2020-02-27,23000.27125,23.00027125
58,2020-02-28,37257.0375,37.257037499999996
59,2020-02-29,46248.725,46.248725
60,2020-03-01,42207.93125,42.20793125
61,2020-03-02,23474.649166666666,23.474649166666666
62,2020-03-03,22015.748333333333,22.015748333333335
63,2020-03-04,20421.311666666665,20.421311666666664
64,2020-03-05,24196.9575,24.1969575
65,2020-03-06,32172.39,32.17239
66,2020-03-07,27100.679583333334,27.100679583333335
67,2020-03-08,36806.308333333334,36.806308333333334
68,2020-03-09,24620.42625,24.62042625
69,2020-03-10,47054.07083333333,47.054070833333334
70,2020-03-11,42247.9575,42.2479575
71,2020-03-12,50473.89708333334,50.473897083333334
72,2020-03-13,45507.19333333333,45.507193333333326
73,2020-03-14,23456.725833333334,23.456725833333333
74,2020-03-15,40256.96166666666,40.25696166666666
75,2020-03-16,23701.78583333333,23.701785833333332
76,2020-03-17,24439.23625,24.43923625
77,2020-03-18,29993.548333333336,29.993548333333337
78,2020-03-19,15985.548333333332,15.985548333333332
79,2020-03-20,21993.967916666665,21.993967916666666
80,2020-03-21,39348.3975,39.3483975
81,2020-03-22,40393.09458333333,40.39309458333333
82,2020-03-23,37212.70041666667,37.212700416666664
83,2020-03-24,34495.840416666666,34.49584041666667
84,2020-03-25,34539.88416666666,34.53988416666666
85,2020-03-26,34019.13625,34.01913625
86,2020-03-27,32540.065416666665,32.540065416666664
87,2020-03-28,31933.6825,31.9336825
88,2020-03-29,37940.626521739134,37.940626521739134
89,2020-03-30,26855.402083333334,26.855402083333335
90,2020-03-31,20583.709166666667,20.58370916666667
91,2020-04-01,28299.454583333336,28.299454583333336
92,2020-04-02,34419.99166666667,34.41999166666667
93,2020-04-03,31850.252083333336,31.850252083333338
94,2020-04-04,22486.92125,22.486921249999998
95,2020-04-05,37353.04833333333,37.353048333333334
96,2020-04-06,33698.1625,33.698162499999995
97,2020-04-07,23160.497916666664,23.160497916666664
98,2020-04-08,22889.39791666667,22.88939791666667
99,2020-04-09,22600.837083333332,22.60083708333333
100,2020-04-10,20559.7425,20.5597425
101,2020-04-11,20431.14416666667,20.43114416666667
102,2020-04-12,22923.532083333335,22.923532083333335
103,2020-04-13,36458.35375,36.45835375
104,2020-04-14,29399.257916666666,29.399257916666667
105,2020-04-15,30400.822083333333,30.40082208333333
106,2020-04-16,23505.25125,23.50525125
107,2020-04-17,20377.14375,20.37714375
108,2020-04-18,24358.221666666665,24.358221666666665
109,2020-04-19,33121.9775,33.1219775
110,2020-04-20,43894.67625,43.894676249999996
111,2020-04-21,47971.05583333334,47.97105583333334
112,2020-04-22,41712.92083333333,41.71292083333333
113,2020-04-23,24431.77125,24.43177125
114,2020-04-24,30160.994583333333,30.160994583333334
115,2020-04-25,24868.133749999997,24.86813375
116,2020-04-26,18874.135416666668,18.874135416666668
117,2020-04-27,20297.779583333333,20.297779583333334
118,2020-04-28,18643.84375,18.64384375
119,2020-04-29,20521.923749999998,20.52192375
120,2020-04-30,30735.79875,30.73579875
121,2020-05-01,30187.06125,30.18706125
122,2020-05-02,27623.12833333333,27.62312833333333
123,2020-05-03,20646.749166666665,20.646749166666666
124,2020-05-04,20229.04,20.22904
125,2020-05-05,25526.48875,25.526488750000002
126,2020-05-06,28210.547916666666,28.210547916666666
127,2020-05-07,23801.911666666667,23.801911666666665
128,2020-05-08,20730.716666666667,20.730716666666666
129,2020-05-09,18712.85375,18.712853749999997
130,2020-05-10,24418.141666666666,24.418141666666667
131,2020-05-11,37446.97583333334,37.44697583333334
132,2020-05-12,28902.876666666667,28.902876666666668
133,2020-05-13,21138.03625,21.138036250000003
134,2020-05-14,23656.670416666664,23.656670416666664
135,2020-05-15,27790.0825,27.7900825
136,2020-05-16,29890.545,29.890545
137,2020-05-17,31224.347916666666,31.224347916666666
138,2020-05-18,29392.10666666667,29.39210666666667
139,2020-05-19,24924.108333333334,24.924108333333333
140,2020-05-20,16822.37375,16.82237375
141,2020-05-21,21199.621666666666,21.199621666666665
142,2020-05-22,27049.4825,27.0494825
143,2020-05-23,30093.252083333336,30.093252083333336
144,2020-05-24,35768.816666666666,35.768816666666666
145,2020-05-25,30949.037916666668,30.94903791666667
146,2020-05-26,18820.761666666665,18.820761666666666
147,2020-05-27,23442.321249999997,23.442321249999996
148,2020-05-28,28198.379166666666,28.198379166666665
149,2020-05-29,23601.0275,23.6010275
150,2020-05-30,26762.523333333334,26.762523333333334
151,2020-05-31,29436.21375,29.43621375
152,2020-06-01,29585.687916666666,29.585687916666664
153,2020-06-02,22775.631666666668,22.77563166666667
154,2020-06-03,23624.759166666667,23.624759166666667
155,2020-06-04,21120.937083333334,21.120937083333335
156,2020-06-05,31407.107916666664,31.407107916666664
157,2020-06-06,35511.77625,35.511776250000004
158,2020-06-07,23461.53583333333,23.461535833333333
159,2020-06-08,16807.2625,16.8072625
160,2020-06-09,16170.17125,16.17017125
161,2020-06-10,17408.775833333333,17.408775833333333
162,2020-06-11,22044.0,22.044
163,2020-06-12,29014.961666666666,29.014961666666665
164,2020-06-13,28667.864583333332,28.667864583333333
165,2020-06-14,22476.355,22.476354999999998
166,2020-06-15,19262.847916666666,19.262847916666665
167,2020-06-16,15103.97625,15.10397625
168,2020-06-17,18463.51166666667,18.46351166666667
169,2020-06-18,20908.001666666667,20.908001666666667
170,2020-06-19,19934.906666666666,19.934906666666667
171,2020-06-20,25061.899999999998,25.061899999999998
172,2020-06-21,21641.547916666666,21.641547916666667
173,2020-06-22,22840.824583333335,22.840824583333333
174,2020-06-23,22279.015833333335,22.279015833333336
175,2020-06-24,24235.035,24.235035
176,2020-06-25,27265.099166666667,27.265099166666666
177,2020-06-26,25489.150416666667,25.489150416666668
178,2020-06-27,23800.834583333333,23.800834583333334
179,2020-06-28,26848.069583333334,26.848069583333334
180,2020-06-29,29055.663750000003,29.055663750000004
181,2020-06-30,38745.543333333335,38.74554333333334
182,2020-07-01,29429.215,29.429215
183,2020-07-02,22357.558333333334,22.357558333333333
184,2020-07-03,25879.6675,25.8796675
185,2020-07-04,40885.08666666666,40.88508666666666
186,2020-07-05,40692.75083333333,40.692750833333335
187,2020-07-06,43994.75791666666,43.994757916666664
188,2020-07-07,29627.974166666667,29.627974166666668
189,2020-07-08,19221.352916666667,19.221352916666667
190,2020-07-09,21195.365833333333,21.195365833333334
191,2020-07-10,29054.79625,29.05479625
192,2020-07-11,23658.969583333335,23.658969583333334
193,2020-07-12,22713.73625,22.71373625
194,2020-07-13,21347.795000000002,21.347795
195,2020-07-14,20883.556249999998,20.883556249999998
196,2020-07-15,15210.156666666668,15.210156666666668
197,2020-07-16,14292.15875,14.29215875
198,2020-07-17,17008.83125,17.00883125
199,2020-07-18,17824.164166666666,17.824164166666666
200,2020-07-19,19498.554166666665,19.498554166666665
201,2020-07-20,22575.14458333333,22.57514458333333
202,2020-07-21,23570.615833333333,23.570615833333335
203,2020-07-22,21142.829166666666,21.142829166666665
204,2020-07-23,21171.536666666667,21.17153666666667
205,2020-07-24,25307.82416666667,25.30782416666667
206,2020-07-25,21187.697916666668,21.187697916666668
207,2020-07-26,27694.645,27.694645
208,2020-07-27,23740.233333333334,23.740233333333332
209,2020-07-28,37609.01583333333,37.60901583333333
210,2020-07-29,34387.25666666667,34.387256666666666
211,2020-07-30,24270.33916666667,24.27033916666667
212,2020-07-31,21625.534166666668,21.625534166666668
213,2020-08-01,25422.91625,25.42291625
214,2020-08-02,17335.014166666668,17.335014166666667
215,2020-08-03,16765.55125,16.76555125
216,2020-08-04,17243.807083333333,17.243807083333333
217,2020-08-05,27125.1775,27.125177500000003
218,2020-08-06,23351.09375,23.35109375
219,2020-08-07,21122.875416666666,21.122875416666666
220,2020-08-08,19735.795416666668,19.73579541666667
221,2020-08-09,21377.247916666667,21.37724791666667
222,2020-08-10,23941.108333333334,23.941108333333332
223,2020-08-11,28751.93375,28.75193375
224,2020-08-12,28912.822916666668,28.912822916666666
225,2020-08-13,22460.87125,22.46087125
226,2020-08-14,16966.984166666665,16.966984166666666
227,2020-08-15,16566.655416666665,16.566655416666666
228,2020-08-16,21595.02125,21.595021250000002
229,2020-08-17,18446.854583333334,18.446854583333334
230,2020-08-18,17677.74125,17.67774125
231,2020-08-19,18623.804583333334,18.623804583333335
232,2020-08-20,23115.827083333334,23.115827083333333
233,2020-08-21,29333.85666666667,29.33385666666667
234,2020-08-22,29744.72333333333,29.744723333333333
235,2020-08-23,32875.504166666666,32.875504166666666
236,2020-08-24,22402.76375,22.40276375
237,2020-08-25,25464.650833333333,25.464650833333334
238,2020-08-26,50563.424999999996,50.563424999999995
239,2020-08-27,27513.16,27.51316
240,2020-08-28,25880.564166666667,25.880564166666666
241,2020-08-29,20914.14,20.91414
242,2020-08-30,16973.877916666668,16.97387791666667
243,2020-08-31,17583.595416666667,17.583595416666668
244,2020-09-01,16697.282916666667,16.697282916666666
245,2020-09-02,17229.552916666667,17.229552916666666
246,2020-09-03,27575.273749999997,27.575273749999997
247,2020-09-04,26699.220416666667,26.699220416666666
248,2020-09-05,24215.865416666667,24.215865416666666
249,2020-09-06,20955.850833333334,20.955850833333333
250,2020-09-07,20545.604166666668,20.545604166666667
251,2020-09-08,30049.239583333332,30.049239583333332
252,2020-09-09,29420.472083333338,29.420472083333337
253,2020-09-10,20619.82,20.61982
254,2020-09-11,20033.122083333332,20.033122083333332
255,2020-09-12,28544.87041666667,28.54487041666667
256,2020-09-13,26582.797916666666,26.582797916666667
257,2020-09-14,19310.92625,19.31092625
258,2020-09-15,18272.89375,18.272893749999998
259,2020-09-16,22920.35375,22.920353749999997
260,2020-09-17,27118.00833333333,27.118008333333332
261,2020-09-18,26097.82083333333,26.09782083333333
262,2020-09-19,25473.913333333334,25.473913333333336
263,2020-09-20,21989.50833333333,21.98950833333333
264,2020-09-21,17065.517916666668,17.065517916666668
265,2020-09-22,15749.004583333333,15.749004583333333
266,2020-09-23,20828.857916666664,20.828857916666664
267,2020-09-24,33985.949166666665,33.985949166666664
268,2020-09-25,23296.551666666666,23.296551666666666
269,2020-09-26,24156.40375,24.156403750000003
270,2020-09-27,20216.790833333333,20.21679083333333
271,2020-09-28,15006.631666666668,15.006631666666667
272,2020-09-29,14107.418333333333,14.107418333333333
273,2020-09-30,16497.924583333333,16.497924583333333
274,2020-10-01,26336.91791666667,26.336917916666668
275,2020-10-02,29569.165833333333,29.569165833333333
276,2020-10-03,34655.619166666664,34.65561916666666
277,2020-10-04,35758.502916666665,35.758502916666664
278,2020-10-05,31708.945000000003,31.708945000000003
279,2020-10-06,35685.418333333335,35.68541833333334
280,2020-10-07,30863.11208333333,30.86311208333333
281,2020-10-08,40028.84125,40.02884125
282,2020-10-09,23910.064166666667,23.91006416666667
283,2020-10-10,27149.728333333333,27.149728333333332
284,2020-10-11,24237.096666666665,24.237096666666666
285,2020-10-12,15230.873749999999,15.230873749999999
286,2020-10-13,17361.13625,17.36113625
287,2020-10-14,34786.225,34.786225
288,2020-10-15,26326.695000000003,26.326695000000004
289,2020-10-16,16170.828333333333,16.170828333333333
290,2020-10-17,12185.876250000001,12.185876250000002
291,2020-10-18,25757.911666666667,25.75791166666667
292,2020-10-19,18154.8075,18.1548075
293,2020-10-20,31177.32083333333,31.177320833333333
294,2020-10-21,34157.567083333335,34.15756708333333
295,2020-10-22,38309.104583333334,38.30910458333334
296,2020-10-23,22144.775416666667,22.14477541666667
297,2020-10-24,33029.792083333334,33.029792083333334
298,2020-10-25,35283.4072,35.2834072
299,2020-10-26,23751.115,23.751115000000002
300,2020-10-27,36402.886666666665,36.40288666666667
301,2020-10-28,38151.37666666667,38.15137666666667
302,2020-10-29,37571.10708333333,37.57110708333333
303,2020-10-30,35230.700000000004,35.230700000000006
304,2020-10-31,23947.064166666667,23.947064166666667
305,2020-11-01,33806.22791666666,33.806227916666664
306,2020-11-02,45228.76500000001,45.22876500000001
307,2020-11-03,29951.64375,29.95164375
308,2020-11-04,26286.134166666667,26.286134166666667
309,2020-11-05,25336.228333333333,25.33622833333333
310,2020-11-06,17595.799583333333,17.595799583333335
311,2020-11-07,17532.96125,17.53296125
312,2020-11-08,15200.522083333331,15.20052208333333
313,2020-11-09,13773.712916666665,13.773712916666666
314,2020-11-10,12475.1075,12.4751075
315,2020-11-11,11360.3375,11.3603375
316,2020-11-12,23530.2625,23.5302625
317,2020-11-13,22670.689583333336,22.670689583333335
318,2020-11-14,23935.877083333336,23.935877083333338
319,2020-11-15,40103.943333333336,40.10394333333333
320,2020-11-16,37507.69708333333,37.50769708333333
321,2020-11-17,33623.552083333336,33.62355208333334
322,2020-11-18,32405.284166666665,32.40528416666667
323,2020-11-19,40807.52208333334,40.80752208333334
324,2020-11-20,23626.13666666667,23.626136666666667
325,2020-11-21,37311.151666666665,37.31115166666667
326,2020-11-22,33595.95875,33.59595875
327,2020-11-23,27945.102916666667,27.945102916666666
328,2020-11-24,24871.9075,24.871907500000002
329,2020-11-25,21093.435833333333,21.093435833333334
330,2020-11-26,15921.83375,15.92183375
331,2020-11-27,11148.816250000002,11.148816250000001
332,2020-11-28,15358.201666666668,15.358201666666668
333,2020-11-29,13008.423333333332,13.008423333333333
334,2020-11-30,20531.602083333335,20.531602083333336
335,2020-12-01,15173.415416666665,15.173415416666664
336,2020-12-02,12007.857916666668,12.007857916666667
337,2020-12-03,27402.233333333334,27.402233333333335
338,2020-12-04,32080.770833333332,32.08077083333333
339,2020-12-05,18073.6125,18.0736125
340,2020-12-06,17516.42583333333,17.51642583333333
341,2020-12-07,22991.148749999997,22.991148749999997
342,2020-12-08,14838.859583333333,14.838859583333333
343,2020-12-09,12220.190416666666,12.220190416666666
344,2020-12-10,11084.591666666667,11.084591666666666
345,2020-12-11,24892.920833333334,24.892920833333335
346,2020-12-12,17143.457083333335,17.143457083333335
347,2020-12-13,14304.958333333334,14.304958333333333
348,2020-12-14,30355.163750000003,30.355163750000003
349,2020-12-15,21139.917083333334,21.139917083333334
350,2020-12-16,19642.709583333333,19.642709583333332
351,2020-12-17,30938.272083333333,30.938272083333334
352,2020-12-18,29477.55125,29.47755125
353,2020-12-19,32492.470833333336,32.492470833333336
354,2020-12-20,24677.108333333334,24.677108333333333
355,2020-12-21,31022.2675,31.0222675
356,2020-12-22,37795.183333333334,37.795183333333334
357,2020-12-23,19881.57375,19.88157375
358,2020-12-24,30746.431666666667,30.746431666666666
359,2020-12-25,18961.646666666667,18.961646666666667
360,2020-12-26,31678.05916666667,31.67805916666667
361,2020-12-27,45582.4025,45.58240249999999
362,2020-12-28,21193.879166666666,21.193879166666665
363,2020-12-29,21523.2475,21.5232475
364,2020-12-30,28170.63791666667,28.17063791666667
365,2020-12-31,21870.647500000003,21.870647500000004
366,2021-01-01,11255.64,11.25564
367,2021-01-02,11382.539583333333,11.382539583333333
368,2021-01-03,25111.827916666665,25.111827916666666
369,2021-01-04,23349.485833333336,23.349485833333336
370,2021-01-05,22516.454583333336,22.516454583333335
371,2021-01-06,16788.694583333334,16.788694583333335
372,2021-01-07,13541.477083333333,13.541477083333334
373,2021-01-08,12711.630416666667,12.711630416666667
374,2021-01-09,10546.574999999999,10.546574999999999
375,2021-01-10,18169.98125,18.16998125
376,2021-01-11,34660.22375,34.66022375
377,2021-01-12,37021.189999999995,37.02119
378,2021-01-13,42162.057916666665,42.16205791666666
379,2021-01-14,21767.743749999998,21.767743749999998
380,2021-01-15,15133.220833333333,15.133220833333333
381,2021-01-16,14966.665416666665,14.966665416666665
382,2021-01-17,13198.90625,13.19890625
383,2021-01-18,28803.435416666664,28.803435416666662
384,2021-01-19,40241.034999999996,40.241035
385,2021-01-20,44989.8225,44.9898225
386,2021-01-21,47299.81458333333,47.29981458333333
387,2021-01-22,35690.746250000004,35.690746250000004
388,2021-01-23,18256.46625,18.256466250000003
389,2021-01-24,15645.872083333334,15.645872083333334
390,2021-01-25,14257.204166666668,14.257204166666668
391,2021-01-26,22394.362916666665,22.394362916666665
392,2021-01-27,22063.031666666666,22.063031666666667
393,2021-01-28,19506.782916666667,19.506782916666666
394,2021-01-29,31979.537500000002,31.979537500000003
395,2021-01-30,17705.037083333333,17.705037083333334
396,2021-01-31,17246.819583333334,17.246819583333334
397,2021-02-01,18954.10875,18.95410875
398,2021-02-02,18184.801666666666,18.184801666666665
399,2021-02-03,31886.80791666667,31.88680791666667
400,2021-02-04,25561.93375,25.56193375
401,2021-02-05,25641.078333333335,25.641078333333336
402,2021-02-06,37519.64166666667,37.51964166666667
403,2021-02-07,40285.18125,40.28518125
404,2021-02-08,30141.11375,30.14111375
405,2021-02-09,18905.028333333332,18.90502833333333
406,2021-02-10,17655.52625,17.655526249999998
407,2021-02-11,14507.9425,14.507942499999999
408,2021-02-12,21947.71375,21.94771375
409,2021-02-13,19058.695,19.058695
410,2021-02-14,26180.444166666668,26.180444166666668
411,2021-02-15,32708.40625,32.70840625
412,2021-02-16,25292.790416666667,25.292790416666666
413,2021-02-17,35227.770416666666,35.227770416666665
414,2021-02-18,35043.47708333333,35.04347708333333
415,2021-02-19,32202.710833333334,32.202710833333335
416,2021-02-20,33174.79791666667,33.17479791666667
417,2021-02-21,28583.317916666667,28.583317916666665
418,2021-02-22,26121.218333333334,26.121218333333335
419,2021-02-23,29199.155833333334,29.199155833333336
420,2021-02-24,34449.64333333333,34.449643333333334
421,2021-02-25,29428.49625,29.42849625
422,2021-02-26,24478.289166666666,24.478289166666666
423,2021-02-27,19499.893333333333,19.499893333333333
424,2021-02-28,19079.577083333334,19.079577083333334
425,2021-03-01,16910.758333333335,16.910758333333334
426,2021-03-02,18380.065,18.380065
427,2021-03-03,18413.89625,18.41389625
428,2021-03-04,20545.460416666665,20.545460416666664
429,2021-03-05,19855.479583333334,19.855479583333334
430,2021-03-06,25581.507500000003,25.581507500000004
431,2021-03-07,27867.40958333333,27.86740958333333
432,2021-03-08,17043.048749999998,17.043048749999997
433,2021-03-09,15876.714999999998,15.876714999999999
434,2021-03-10,25703.331666666665,25.703331666666664
435,2021-03-11,51280.22833333333,51.28022833333333
436,2021-03-12,52364.730833333335,52.36473083333333
437,2021-03-13,51084.89083333334,51.08489083333334
438,2021-03-14,41213.02375,41.21302375
439,2021-03-15,37266.61,37.26661
440,2021-03-16,28108.528749999998,28.108528749999998
441,2021-03-17,17783.705833333333,17.783705833333332
442,2021-03-18,15290.11125,15.29011125
443,2021-03-19,23042.8175,23.0428175
444,2021-03-20,25064.11333333333,25.06411333333333
445,2021-03-21,37170.89916666666,37.170899166666665
446,2021-03-22,21402.509166666667,21.40250916666667
447,2021-03-23,17045.32416666667,17.04532416666667
448,2021-03-24,24006.770833333332,24.00677083333333
449,2021-03-25,19900.84125,19.900841250000003
450,2021-03-26,31125.14375,31.12514375
451,2021-03-27,42638.81875,42.63881875
452,2021-03-28,39684.86565217392,39.68486565217392
453,2021-03-29,39582.050833333335,39.582050833333334
454,2021-03-30,25827.052916666667,25.827052916666666
455,2021-03-31,19232.670416666668,19.232670416666668
456,2021-04-01,27564.148333333334,27.564148333333335
457,2021-04-02,32062.702916666665,32.062702916666666
458,2021-04-03,28177.34708333333,28.17734708333333
459,2021-04-04,28091.8275,28.0918275
460,2021-04-05,44040.496666666666,44.04049666666667
461,2021-04-06,40644.41625,40.64441625
462,2021-04-07,40306.33541666667,40.30633541666667
463,2021-04-08,36056.965833333335,36.05696583333334
464,2021-04-09,35138.011666666665,35.138011666666664
465,2021-04-10,18962.989166666666,18.962989166666667
466,2021-04-11,30853.37875,30.85337875
467,2021-04-12,24536.236666666668,24.536236666666667
468,2021-04-13,29314.181249999998,29.314181249999997
469,2021-04-14,21727.636666666665,21.727636666666665
470,2021-04-15,22206.35541666667,22.206355416666668
471,2021-04-16,22655.500416666666,22.655500416666666
472,2021-04-17,19814.940833333334,19.814940833333335
473,2021-04-18,14875.812083333332,14.875812083333333
474,2021-04-19,15937.466666666667,15.937466666666667
475,2021-04-20,18429.91,18.42991
476,2021-04-21,28648.12875,28.64812875
477,2021-04-22,36608.73291666667,36.60873291666667
478,2021-04-23,29976.090833333332,29.97609083333333
479,2021-04-24,26410.989166666666,26.410989166666667
480,2021-04-25,25608.98708333333,25.60898708333333
481,2021-04-26,23543.422083333335,23.543422083333336
482,2021-04-27,29923.48875,29.92348875
483,2021-04-28,27579.99166666667,27.57999166666667
484,2021-04-29,28596.247916666664,28.596247916666663
485,2021-04-30,18064.687083333334,18.064687083333332
486,2021-05-01,16268.152083333334,16.268152083333334
487,2021-05-02,25736.931249999998,25.736931249999998
488,2021-05-03,30135.4475,30.135447499999998
489,2021-05-04,50874.050416666665,50.87405041666666
490,2021-05-05,47460.93958333333,47.460939583333335
491,2021-05-06,28316.202916666665,28.316202916666665
492,2021-05-07,29609.765,29.609765
493,2021-05-08,29861.784166666665,29.861784166666663
494,2021-05-09,38445.92083333333,38.44592083333333
495,2021-05-10,31881.256666666668,31.88125666666667
496,2021-05-11,20083.072083333333,20.08307208333333
497,2021-05-12,19289.342916666665,19.289342916666666
498,2021-05-13,18714.935416666667,18.714935416666666
499,2021-05-14,21404.7975,21.4047975
500,2021-05-15,22500.109583333335,22.500109583333334
501,2021-05-16,23858.803750000003,23.858803750000003
502,2021-05-17,24056.774166666666,24.056774166666667
503,2021-05-18,22512.7175,22.512717499999997
504,2021-05-19,21301.667083333334,21.301667083333335
505,2021-05-20,23541.554999999997,23.541554999999995
506,2021-05-21,41606.92291666667,41.60692291666667
507,2021-05-22,44868.230416666665,44.86823041666666
508,2021-05-23,33349.260416666664,33.34926041666667
509,2021-05-24,33581.534583333334,33.58153458333334
510,2021-05-25,35909.00791666666,35.90900791666666
511,2021-05-26,35949.88,35.94988
512,2021-05-27,32641.632083333334,32.641632083333334
513,2021-05-28,23219.80458333333,23.21980458333333
514,2021-05-29,23265.12041666667,23.26512041666667
515,2021-05-30,24978.84125,24.978841250000002
516,2021-05-31,24380.534166666665,24.380534166666664
517,2021-06-01,25150.251666666667,25.150251666666666
518,2021-06-02,30489.438333333335,30.489438333333336
519,2021-06-03,28808.83875,28.80883875
520,2021-06-04,20234.647083333333,20.234647083333332
521,2021-06-05,20242.140833333335,20.242140833333334
522,2021-06-06,18125.14875,18.12514875
523,2021-06-07,18748.093333333334,18.748093333333333
524,2021-06-08,19644.392916666668,19.644392916666668
525,2021-06-09,19647.37375,19.64737375
526,2021-06-10,20594.59875,20.59459875
527,2021-06-11,23856.214583333334,23.856214583333333
528,2021-06-12,34992.806666666664,34.99280666666667
529,2021-06-13,31471.616250000003,31.471616250000004
530,2021-06-14,26897.47708333333,26.89747708333333
531,2021-06-15,22108.122916666664,22.108122916666662
532,2021-06-16,24386.68875,24.38668875
533,2021-06-17,30024.732916666664,30.024732916666665
534,2021-06-18,26014.97333333333,26.01497333333333
535,2021-06-19,25767.580416666664,25.767580416666664
536,2021-06-20,28342.89,28.34289
537,2021-06-21,29614.36,29.61436
538,2021-06-22,22338.470416666667,22.338470416666667
539,2021-06-23,18358.244583333333,18.358244583333335
540,2021-06-24,16210.424583333333,16.210424583333335
541,2021-06-25,17241.058333333334,17.241058333333335
542,2021-06-26,19269.52625,19.26952625
543,2021-06-27,21887.477916666667,21.88747791666667
544,2021-06-28,22559.0975,22.5590975
545,2021-06-29,22809.51375,22.809513749999997
546,2021-06-30,22077.6075,22.0776075
547,2021-07-01,23523.04416666667,23.52304416666667
548,2021-07-02,21200.27,21.20027
549,2021-07-03,20221.3425,20.2213425
550,2021-07-04,18113.52625,18.11352625
551,2021-07-05,20034.75375,20.03475375
552,2021-07-06,32824.06291666667,32.82406291666667
553,2021-07-07,21772.96,21.772959999999998
554,2021-07-08,15523.415,15.523415000000002
555,2021-07-09,19700.408333333333,19.700408333333332
556,2021-07-10,22582.594166666666,22.582594166666667
557,2021-07-11,18831.599166666667,18.831599166666667
558,2021-07-12,21956.33,21.95633
559,2021-07-13,17971.513333333332,17.971513333333334
560,2021-07-14,20849.104583333334,20.849104583333332
561,2021-07-15,22709.225416666668,22.70922541666667
562,2021-07-16,23604.381250000002,23.604381250000003
563,2021-07-17,27054.070000000003,27.054070000000003
564,2021-07-18,28193.110833333336,28.193110833333336
565,2021-07-19,22644.915416666667,22.644915416666667
566,2021-07-20,20777.247083333332,20.777247083333332
567,2021-07-21,19953.72375,19.95372375
568,2021-07-22,19403.520416666666,19.403520416666666
569,2021-07-23,19641.1375,19.6411375
570,2021-07-24,23641.275416666667,23.641275416666666
571,2021-07-25,23128.602499999997,23.128602499999996
572,2021-07-26,19522.06708333333,19.522067083333333
573,2021-07-27,22855.76625,22.855766250000002
574,2021-07-28,28342.336249999997,28.342336249999995
575,2021-07-29,42489.21083333333,42.48921083333333
576,2021-07-30,32500.55083333333,32.50055083333333
577,2021-07-31,38220.28041666667,38.22028041666667
578,2021-08-01,22464.366250000003,22.46436625
579,2021-08-02,26577.293333333335,26.577293333333333
580,2021-08-03,17385.040416666667,17.385040416666666
581,2021-08-04,16489.709583333333,16.489709583333333
582,2021-08-05,19166.752916666668,19.166752916666667
583,2021-08-06,27589.725833333334,27.589725833333333
584,2021-08-07,24606.232916666664,24.606232916666663
585,2021-08-08,34864.473333333335,34.864473333333336
586,2021-08-09,31229.81708333333,31.22981708333333
587,2021-08-10,23884.505416666667,23.884505416666666
588,2021-08-11,20233.92125,20.233921249999998
589,2021-08-12,20434.397916666665,20.434397916666665
590,2021-08-13,26113.354583333334,26.113354583333333
591,2021-08-14,30382.095,30.382095
592,2021-08-15,24352.0125,24.3520125
593,2021-08-16,37491.81875,37.49181875
594,2021-08-17,42597.989583333336,42.59798958333334
595,2021-08-18,34657.35791666667,34.65735791666667
596,2021-08-19,25771.16791666667,25.77116791666667
597,2021-08-20,18260.512916666667,18.260512916666666
598,2021-08-21,18288.039166666666,18.288039166666664
599,2021-08-22,21483.147916666665,21.483147916666663
600,2021-08-23,24610.750833333335,24.610750833333334
601,2021-08-24,22994.785,22.994785
602,2021-08-25,31030.30875,31.03030875
603,2021-08-26,29352.403749999998,29.352403749999997
604,2021-08-27,28379.888333333336,28.379888333333337
605,2021-08-28,23886.22875,23.886228749999997
606,2021-08-29,21787.91875,21.78791875
607,2021-08-30,23638.04416666667,23.63804416666667
608,2021-08-31,23927.492499999997,23.927492499999996
609,2021-09-01,20455.79375,20.45579375
610,2021-09-02,20025.120833333334,20.025120833333336
611,2021-09-03,23005.272500000003,23.005272500000004
612,2021-09-04,18829.377916666668,18.82937791666667
613,2021-09-05,21375.750416666666,21.375750416666666
614,2021-09-06,17817.189166666667,17.817189166666665
615,2021-09-07,16551.115833333333,16.551115833333334
616,2021-09-08,21386.962916666667,21.38696291666667
617,2021-09-09,21128.323333333334,21.128323333333334
618,2021-09-10,17762.517499999998,17.762517499999998
619,2021-09-11,18638.491666666665,18.638491666666663
620,2021-09-12,21241.04375,21.24104375
621,2021-09-13,17586.420416666668,17.586420416666666
622,2021-09-14,19187.90166666667,19.18790166666667
623,2021-09-15,18966.135,18.966134999999998
624,2021-09-16,25116.86375,25.11686375
625,2021-09-17,18495.472916666666,18.495472916666667
626,2021-09-18,17474.362083333333,17.474362083333332
627,2021-09-19,20288.661666666667,20.288661666666666
628,2021-09-20,13850.707083333333,13.850707083333333
629,2021-09-21,19277.080833333333,19.277080833333333
630,2021-09-22,21605.455833333333,21.605455833333334
631,2021-09-23,40000.51125,40.00051125
632,2021-09-24,31964.99,31.96499
633,2021-09-25,19589.976666666666,19.589976666666665
634,2021-09-26,17449.33875,17.44933875
635,2021-09-27,21296.1175,21.2961175
636,2021-09-28,17243.966666666667,17.24396666666667
637,2021-09-29,29590.32416666667,29.59032416666667
638,2021-09-30,39183.426666666666,39.18342666666667
639,2021-10-01,37664.56333333333,37.664563333333334
640,2021-10-02,28994.82375,28.99482375
641,2021-10-03,39746.26625,39.74626625
642,2021-10-04,23252.0175,23.2520175
643,2021-10-05,24091.853333333333,24.091853333333333
644,2021-10-06,25603.4975,25.6034975
645,2021-10-07,13413.638333333334,13.413638333333335
646,2021-10-08,18314.637916666667,18.314637916666666
647,2021-10-09,24530.8625,24.530862499999998
648,2021-10-10,19518.065416666668,19.51806541666667
649,2021-10-11,25721.74666666667,25.721746666666668
650,2021-10-12,25634.395416666666,25.634395416666667
651,2021-10-13,20682.56125,20.68256125
652,2021-10-14,27346.0975,27.3460975
653,2021-10-15,34383.393749999996,34.383393749999996
654,2021-10-16,19964.844166666666,19.964844166666666
655,2021-10-17,18523.53,18.523529999999997
656,2021-10-18,20494.72125,20.494721249999998
657,2021-10-19,29950.98708333333,29.95098708333333
658,2021-10-20,47085.894166666665,47.08589416666666
659,2021-10-21,47832.079999999994,47.83208
660,2021-10-22,46047.92125000001,46.04792125000001
661,2021-10-23,26522.846666666668,26.52284666666667
662,2021-10-24,27892.974166666667,27.89297416666667
663,2021-10-25,25271.879166666666,25.271879166666665
664,2021-10-26,26394.037083333333,26.394037083333334
665,2021-10-27,30463.69916666667,30.463699166666668
666,2021-10-28,26673.03958333333,26.67303958333333
667,2021-10-29,31140.74208333333,31.14074208333333
668,2021-10-30,30076.103333333333,30.076103333333332
669,2021-10-31,31340.9476,31.3409476
670,2021-11-01,29431.618749999998,29.43161875
671,2021-11-02,16079.164583333333,16.079164583333334
672,2021-11-03,12774.637916666667,12.774637916666666
673,2021-11-04,22509.095,22.509095000000002
674,2021-11-05,26103.444583333334,26.103444583333335
675,2021-11-06,34817.379166666666,34.81737916666667
676,2021-11-07,41974.832916666666,41.974832916666664
677,2021-11-08,21838.0725,21.8380725
678,2021-11-09,24520.455,24.520455000000002
679,2021-11-10,17337.537500000002,17.337537500000003
680,2021-11-11,13238.100833333332,13.238100833333332
681,2021-11-12,18964.8725,18.964872500000002
682,2021-11-13,15206.134583333333,15.206134583333332
683,2021-11-14,14003.6,14.0036
684,2021-11-15,13867.863333333333,13.867863333333332
685,2021-11-16,8969.209583333333,8.969209583333333
686,2021-11-17,23595.434999999998,23.595435
687,2021-11-18,36873.3525,36.8733525
688,2021-11-19,36642.59583333333,36.64259583333333
689,2021-11-20,28745.61375,28.74561375
690,2021-11-21,22053.42375,22.05342375
691,2021-11-22,20579.892499999998,20.5798925
692,2021-11-23,21924.303750000003,21.924303750000004
693,2021-11-24,16990.79125,16.990791249999997
694,2021-11-25,20085.94125,20.08594125
695,2021-11-26,25149.884166666667,25.149884166666666
696,2021-11-27,18756.525416666667,18.75652541666667
697,2021-11-28,14043.808333333334,14.043808333333335
698,2021-11-29,17710.625833333335,17.710625833333335
699,2021-11-30,43248.69,43.24869
700,2021-12-01,47817.81958333333,47.81781958333333
701,2021-12-02,29009.19125,29.00919125
702,2021-12-03,39910.520416666666,39.910520416666664
703,2021-12-04,19566.485833333332,19.56648583333333
704,2021-12-05,21331.57458333333,21.33157458333333
705,2021-12-06,19994.501666666667,19.994501666666668
706,2021-12-07,28673.678750000003,28.673678750000004
707,2021-12-08,31107.315416666668,31.10731541666667
708,2021-12-09,17038.99541666667,17.03899541666667
709,2021-12-10,15738.980000000001,15.738980000000002
710,2021-12-11,15271.847499999998,15.271847499999998
711,2021-12-12,26280.217916666665,26.280217916666665
712,2021-12-13,20042.78625,20.042786250000002
713,2021-12-14,18207.951250000002,18.20795125
714,2021-12-15,24323.68875,24.323688750000002
715,2021-12-16,16816.654166666667,16.816654166666666
716,2021-12-17,15019.57125,15.01957125
717,2021-12-18,20912.799166666668,20.912799166666666
718,2021-12-19,32791.21083333334,32.79121083333334
719,2021-12-20,16397.025833333333,16.397025833333334
720,2021-12-21,12029.395416666666,12.029395416666667
721,2021-12-22,16216.064166666665,16.216064166666666
722,2021-12-23,24510.693750000002,24.51069375
723,2021-12-24,28355.302916666667,28.355302916666666
724,2021-12-25,16165.63125,16.16563125
725,2021-12-26,22244.565416666665,22.244565416666664
726,2021-12-27,25231.99,25.231990000000003
727,2021-12-28,29690.702916666665,29.690702916666666
728,2021-12-29,22096.32375,22.09632375
729,2021-12-30,41196.965000000004,41.196965000000006
730,2021-12-31,42659.14125,42.65914125
731,2022-01-01,30473.024583333332,30.47302458333333
732,2022-01-02,40445.7575,40.4457575
733,2022-01-03,44501.4775,44.5014775
734,2022-01-04,27115.385416666668,27.11538541666667
735,2022-01-05,43373.36666666667,43.37336666666667
736,2022-01-06,25458.529166666664,25.458529166666665
737,2022-01-07,34856.12416666667,34.85612416666667
738,2022-01-08,32180.912916666668,32.18091291666667
739,2022-01-09,31028.18291666667,31.02818291666667
740,2022-01-10,11938.194166666666,11.938194166666666
741,2022-01-11,16154.825833333334,16.154825833333334
742,2022-01-12,17001.740833333333,17.001740833333333
743,2022-01-13,31207.832916666666,31.207832916666668
744,2022-01-14,28248.865416666667,28.248865416666668
745,2022-01-15,12678.18,12.678180000000001
746,2022-01-16,29587.45041666667,29.58745041666667
747,2022-01-17,39038.71791666667,39.03871791666667
748,2022-01-18,18190.3,18.1903
749,2022-01-19,35671.135,35.671135
750,2022-01-20,43308.99083333334,43.30899083333334
751,2022-01-21,35276.80625,35.27680625
752,2022-01-22,23378.55791666667,23.37855791666667
753,2022-01-23,14545.695833333333,14.545695833333333
754,2022-01-24,14612.693333333335,14.612693333333334
755,2022-01-25,14571.96,14.571959999999999
756,2022-01-26,27677.89791666667,27.67789791666667
757,2022-01-27,43840.63458333333,43.84063458333333
758,2022-01-28,37211.65,37.21165
759,2022-01-29,47067.31,47.06731
760,2022-01-30,42913.768749999996,42.913768749999996
761,2022-01-31,28737.685,28.737685000000003
762,2022-02-01,43054.16583333333,43.054165833333336
763,2022-02-02,41565.275416666664,41.565275416666665
764,2022-02-03,27147.460000000003,27.147460000000002
765,2022-02-04,40189.345,40.189345
766,2022-02-05,48717.151666666665,48.717151666666666
767,2022-02-06,48494.64000000001,48.494640000000004
768,2022-02-07,45864.11625,45.86411625
769,2022-02-08,43006.025416666664,43.00602541666667
770,2022-02-09,35637.66583333333,35.63766583333333
771,2022-02-10,26968.934999999998,26.968935
772,2022-02-11,30044.485,30.044485
773,2022-02-12,31820.656666666666,31.820656666666665
774,2022-02-13,43213.6175,43.2136175
775,2022-02-14,44072.267916666664,44.07226791666666
776,2022-02-15,36734.48625,36.73448625
777,2022-02-16,49454.935,49.454935
778,2022-02-17,52976.387500000004,52.9763875
779,2022-02-18,43572.99291666666,43.572992916666664
780,2022-02-19,49141.17291666666,49.14117291666666
781,2022-02-20,46980.799166666664,46.980799166666664
782,2022-02-21,52248.39208333333,52.248392083333336
783,2022-02-22,45633.08625,45.63308625
784,2022-02-23,41599.39791666667,41.59939791666667
785,2022-02-24,43866.70458333333,43.86670458333333
786,2022-02-25,45745.84166666667,45.745841666666664
787,2022-02-26,20193.545416666664,20.193545416666662
788,2022-02-27,29449.990833333333,29.449990833333334
789,2022-02-28,29762.725416666668,29.76272541666667
790,2022-03-01,22782.806249999998,22.782806249999997
791,2022-03-02,15480.755833333335,15.480755833333335
792,2022-03-03,20492.844166666666,20.492844166666664
793,2022-03-04,21094.340833333332,21.09434083333333
794,2022-03-05,20511.475000000002,20.511475
795,2022-03-06,16618.249583333334,16.618249583333334
796,2022-03-07,20184.89875,20.18489875
797,2022-03-08,25564.727916666667,25.564727916666666
798,2022-03-09,23373.829166666666,23.373829166666667
799,2022-03-10,33342.00041666667,33.34200041666667
800,2022-03-11,46020.010416666664,46.020010416666665
801,2022-03-12,36025.28791666667,36.02528791666667
802,2022-03-13,33761.97541666667,33.761975416666665
803,2022-03-14,23404.31583333333,23.40431583333333
804,2022-03-15,13297.850833333332,13.297850833333332
805,2022-03-16,25133.14375,25.13314375
806,2022-03-17,27518.430833333332,27.518430833333333
807,2022-03-18,24945.289166666666,24.945289166666665
808,2022-03-19,37515.64708333334,37.515647083333334
809,2022-03-20,41578.012500000004,41.57801250000001
810,2022-03-21,26948.193750000002,26.94819375
811,2022-03-22,20299.726666666666,20.299726666666665
812,2022-03-23,18747.549166666668,18.74754916666667
813,2022-03-24,18136.87875,18.13687875
814,2022-03-25,20948.13708333333,20.948137083333332
815,2022-03-26,26416.76,26.41676
816,2022-03-27,19971.203478260868,19.97120347826087
817,2022-03-28,22694.030833333334,22.694030833333333
818,2022-03-29,19936.797916666666,19.936797916666666
819,2022-03-30,15166.64,15.16664
820,2022-03-31,30261.61375,30.261613750000002
821,2022-04-01,37193.097916666666,37.193097916666666
822,2022-04-02,28731.013333333332,28.731013333333333
823,2022-04-03,24313.68375,24.31368375
824,2022-04-04,49239.085,49.239084999999996
825,2022-04-05,34608.07875,34.60807875
826,2022-04-06,45974.996666666666,45.97499666666667
827,2022-04-07,53084.45875,53.084458749999996
828,2022-04-08,38630.58,38.63058
829,2022-04-09,41697.24375,41.69724375
830,2022-04-10,35791.23875,35.79123875
831,2022-04-11,25034.322083333333,25.034322083333333
832,2022-04-12,35644.36375,35.64436375
833,2022-04-13,25553.900833333333,25.553900833333334
834,2022-04-14,22555.374166666665,22.555374166666663
835,2022-04-15,22118.274999999998,22.118274999999997
836,2022-04-16,28256.665416666667,28.256665416666667
837,2022-04-17,26932.267083333336,26.932267083333336
838,2022-04-18,25662.080833333337,25.662080833333338
839,2022-04-19,27371.73125,27.37173125
840,2022-04-20,26856.077916666665,26.856077916666667
841,2022-04-21,25589.39125,25.589391250000002
842,2022-04-22,36584.56875,36.584568749999995
843,2022-04-23,38169.11958333333,38.169119583333334
844,2022-04-24,33885.121250000004,33.885121250000005
845,2022-04-25,20690.040833333333,20.69004083333333
846,2022-04-26,18032.5275,18.0325275
847,2022-04-27,19498.922083333335,19.498922083333333
848,2022-04-28,23425.342083333333,23.425342083333334
849,2022-04-29,21674.899166666666,21.674899166666666
850,2022-04-30,19165.838333333333,19.165838333333333
851,2022-05-01,16432.6025,16.4326025
852,2022-05-02,20006.3975,20.0063975
853,2022-05-03,21785.810833333333,21.785810833333333
854,2022-05-04,17933.198333333334,17.933198333333333
855,2022-05-05,17939.545833333334,17.939545833333334
856,2022-05-06,18401.156666666666,18.401156666666665
857,2022-05-07,20593.590833333332,20.59359083333333
858,2022-05-08,22952.42,22.952419999999996
859,2022-05-09,23463.30916666667,23.46330916666667
860,2022-05-10,30873.89625,30.87389625
861,2022-05-11,35413.695,35.413695
862,2022-05-12,35337.35916666667,35.337359166666666
863,2022-05-13,33122.47625,33.12247625
864,2022-05-14,30450.26291666667,30.45026291666667
865,2022-05-15,24426.743749999998,24.426743749999996
866,2022-05-16,28503.52625,28.50352625
867,2022-05-17,21959.145833333332,21.95914583333333
868,2022-05-18,28066.549166666664,28.066549166666665
869,2022-05-19,28039.004166666666,28.039004166666665
870,2022-05-20,27397.374583333334,27.397374583333335
871,2022-05-21,40129.752916666665,40.12975291666667
872,2022-05-22,22265.314166666667,22.265314166666666
873,2022-05-23,34529.379583333335,34.52937958333334
874,2022-05-24,31532.046666666665,31.532046666666666
875,2022-05-25,30651.673333333336,30.651673333333335
876,2022-05-26,39447.261666666665,39.44726166666666
877,2022-05-27,43982.06625,43.98206625
878,2022-05-28,41114.50541666667,41.11450541666667
879,2022-05-29,26264.465833333335,26.264465833333336
880,2022-05-30,19307.6325,19.3076325
881,2022-05-31,19953.859583333335,19.953859583333333
882,2022-06-01,23243.62375,23.243623749999998
883,2022-06-02,27355.346250000002,27.355346250000004
884,2022-06-03,24444.298333333336,24.444298333333336
885,2022-06-04,23562.24666666667,23.56224666666667
886,2022-06-05,28035.729583333334,28.035729583333335
887,2022-06-06,35103.09333333333,35.103093333333334
888,2022-06-07,29972.189583333336,29.972189583333336
889,2022-06-08,21701.181249999998,21.701181249999998
890,2022-06-09,23649.85875,23.64985875
891,2022-06-10,25583.653749999998,25.583653749999996
892,2022-06-11,26064.86333333333,26.06486333333333
893,2022-06-12,27011.515,27.011515
894,2022-06-13,31125.17916666667,31.12517916666667
895,2022-06-14,25201.35208333333,25.201352083333333
896,2022-06-15,23369.624583333334,23.369624583333334
897,2022-06-16,25234.525833333333,25.234525833333333
898,2022-06-17,25338.744166666667,25.338744166666668
899,2022-06-18,29993.584583333333,29.993584583333334
900,2022-06-19,28592.551666666666,28.592551666666665
901,2022-06-20,24066.390833333335,24.066390833333333
902,2022-06-21,25560.7175,25.5607175
903,2022-06-22,19582.06,19.582060000000002
904,2022-06-23,25575.091666666664,25.575091666666662
905,2022-06-24,27980.4375,27.9804375
906,2022-06-25,21629.12875,21.62912875
907,2022-06-26,21688.85375,21.68885375
908,2022-06-27,22102.145833333332,22.10214583333333
909,2022-06-28,22024.155,22.024155
910,2022-06-29,23356.277083333334,23.356277083333335
911,2022-06-30,25180.91125,25.18091125
912,2022-07-01,24111.078333333335,24.111078333333335
913,2022-07-02,27073.9825,27.0739825
914,2022-07-03,26518.74666666667,26.51874666666667
915,2022-07-04,27016.222916666666,27.016222916666667
916,2022-07-05,27622.09708333333,27.62209708333333
917,2022-07-06,28545.546666666665,28.545546666666667
918,2022-07-07,32927.5325,32.9275325
919,2022-07-08,30074.143333333337,30.074143333333335
920,2022-07-09,30296.297916666666,30.296297916666667
921,2022-07-10,31522.0,31.522
922,2022-07-11,20063.957916666666,20.063957916666666
923,2022-07-12,23329.278749999998,23.329278749999997
924,2022-07-13,27405.273750000004,27.405273750000003
925,2022-07-14,28087.67583333333,28.087675833333332
926,2022-07-15,28622.5425,28.622542499999998
927,2022-07-16,33336.01625,33.33601625
928,2022-07-17,23923.3725,23.923372500000003
929,2022-07-18,21991.155416666665,21.991155416666665
930,2022-07-19,24564.122916666664,24.564122916666662
931,2022-07-20,32298.982916666664,32.29898291666667
932,2022-07-21,24582.214583333334,24.582214583333336
933,2022-07-22,23146.444999999996,23.146444999999996
934,2022-07-23,21444.936666666665,21.444936666666663
935,2022-07-24,25135.474166666667,25.13547416666667
936,2022-07-25,33570.20041666667,33.570200416666665
937,2022-07-26,30040.45708333333,30.04045708333333
938,2022-07-27,26565.780833333334,26.565780833333335
939,2022-07-28,23080.076666666664,23.080076666666663
940,2022-07-29,22657.575416666663,22.657575416666663
941,2022-07-30,19772.994166666667,19.772994166666667
942,2022-07-31,20235.818333333333,20.235818333333334
943,2022-08-01,21988.95708333333,21.988957083333332
944,2022-08-02,23628.985833333336,23.628985833333335
945,2022-08-03,24389.9375,24.3899375
946,2022-08-04,23156.646666666667,23.156646666666667
947,2022-08-05,23291.975833333334,23.291975833333336
948,2022-08-06,24030.033333333336,24.030033333333336
949,2022-08-07,21968.989583333332,21.968989583333332
950,2022-08-08,21301.802083333332,21.30180208333333
951,2022-08-09,23209.60208333333,23.20960208333333
952,2022-08-10,23704.469166666666,23.704469166666666
953,2022-08-11,24470.446666666667,24.470446666666668
954,2022-08-12,25474.691666666666,25.474691666666665
955,2022-08-13,22453.005,22.453005
956,2022-08-14,25040.681249999998,25.04068125
957,2022-08-15,21630.464583333334,21.630464583333335
958,2022-08-16,20256.583333333332,20.25658333333333
959,2022-08-17,18534.864583333332,18.53486458333333
960,2022-08-18,18536.825416666667,18.536825416666666
961,2022-08-19,15408.1175,15.4081175
962,2022-08-20,16808.568750000002,16.808568750000003
963,2022-08-21,21178.231666666667,21.178231666666665
964,2022-08-22,18663.18625,18.66318625
965,2022-08-23,22476.9675,22.476967499999997
966,2022-08-24,22049.485833333336,22.049485833333335
967,2022-08-25,25085.66125,25.08566125
968,2022-08-26,20562.170000000002,20.562170000000002
969,2022-08-27,19463.282916666667,19.463282916666667
970,2022-08-28,26694.58083333333,26.69458083333333
971,2022-08-29,21710.77375,21.71077375
972,2022-08-30,22281.7325,22.281732499999997
973,2022-08-31,21610.906666666666,21.610906666666665
974,2022-09-01,23113.169166666663,23.113169166666662
975,2022-09-02,30113.645833333332,30.113645833333333
976,2022-09-03,31666.22,31.666220000000003
977,2022-09-04,26703.1875,26.7031875
978,2022-09-05,29711.31583333333,29.71131583333333
979,2022-09-06,29324.2375,29.3242375
980,2022-09-07,21091.652916666666,21.091652916666668
981,2022-09-08,22118.03916666667,22.11803916666667
982,2022-09-09,22793.425,22.793425
983,2022-09-10,18519.350833333334,18.519350833333334
984,2022-09-11,15135.3225,15.135322500000001
985,2022-09-12,20047.319583333334,20.047319583333334
986,2022-09-13,26057.675416666665,26.057675416666665
987,2022-09-14,17682.057083333333,17.682057083333333
988,2022-09-15,28470.189166666667,28.470189166666668
989,2022-09-16,37746.316249999996,37.74631625
990,2022-09-17,38212.56125,38.21256125
991,2022-09-18,37251.64333333333,37.251643333333334
992,2022-09-19,32626.75375,32.62675375
993,2022-09-20,20382.16833333333,20.382168333333333
994,2022-09-21,17054.419583333332,17.05441958333333
995,2022-09-22,18418.075833333332,18.418075833333333
996,2022-09-23,19803.553333333333,19.803553333333333
997,2022-09-24,16308.355833333333,16.308355833333334
998,2022-09-25,15962.02625,15.962026250000001
999,2022-09-26,33760.285416666666,33.76028541666667
1000,2022-09-27,26093.885416666668,26.09388541666667
1001,2022-09-28,15388.026666666667,15.388026666666667
1002,2022-09-29,15245.732083333334,15.245732083333333
1003,2022-09-30,22000.89125,22.000891250000002
1004,2022-10-01,39703.01833333333,39.70301833333333
1005,2022-10-02,35573.75,35.57375
1006,2022-10-03,27974.135833333334,27.974135833333335
1007,2022-10-04,26485.07083333333,26.48507083333333
1008,2022-10-05,39757.93916666667,39.757939166666674
1009,2022-10-06,36479.619166666664,36.479619166666666
1010,2022-10-07,30190.66916666667,30.19066916666667
1011,2022-10-08,30646.127916666668,30.646127916666668
1012,2022-10-09,25044.13875,25.04413875
1013,2022-10-10,30618.217916666665,30.618217916666666
1014,2022-10-11,20252.469166666666,20.252469166666664
1015,2022-10-12,16739.542083333334,16.739542083333333
1016,2022-10-13,17707.26958333333,17.707269583333332
1017,2022-10-14,16442.547916666666,16.442547916666665
1018,2022-10-15,23251.230833333335,23.251230833333334
1019,2022-10-16,27496.215833333335,27.496215833333334
1020,2022-10-17,27452.193750000002,27.452193750000003
1021,2022-10-18,19344.154583333333,19.34415458333333
1022,2022-10-19,18629.033333333333,18.629033333333332
1023,2022-10-20,33356.207916666666,33.35620791666667
1024,2022-10-21,19807.947916666668,19.807947916666667
1025,2022-10-22,21690.010833333334,21.690010833333332
1026,2022-10-23,24046.40291666667,24.04640291666667
1027,2022-10-24,38601.15916666667,38.60115916666667
1028,2022-10-25,29847.7,29.8477
1029,2022-10-26,22042.514583333334,22.042514583333332
1030,2022-10-27,27090.023749999997,27.090023749999997
1031,2022-10-28,28889.722916666666,28.889722916666667
1032,2022-10-29,18269.720833333333,18.269720833333334
1033,2022-10-30,18670.8072,18.6708072
1034,2022-10-31,18385.640833333335,18.385640833333333
1035,2022-11-01,34507.162083333336,34.507162083333334
1036,2022-11-02,38372.875,38.372875
1037,2022-11-03,35076.32,35.07632
1038,2022-11-04,24312.41458333333,24.312414583333332
1039,2022-11-05,24737.8125,24.7378125
1040,2022-11-06,35556.58583333334,35.55658583333334
1041,2022-11-07,37949.84916666667,37.94984916666667
1042,2022-11-08,37074.32125,37.074321250000004
1043,2022-11-09,36327.184583333335,36.327184583333334
1044,2022-11-10,34979.5475,34.9795475
1045,2022-11-11,30523.337083333332,30.52333708333333
1046,2022-11-12,15219.234166666667,15.219234166666666
1047,2022-11-13,21788.092083333333,21.788092083333332
1048,2022-11-14,28359.048333333336,28.359048333333337
1049,2022-11-15,25664.02625,25.66402625
1050,2022-11-16,30427.711666666666,30.427711666666667
1051,2022-11-17,38303.168750000004,38.303168750000005
1052,2022-11-18,25986.466666666664,25.986466666666665
1053,2022-11-19,17057.865416666667,17.05786541666667
1054,2022-11-20,14758.639166666668,14.758639166666669
1055,2022-11-21,19349.240833333333,19.349240833333333
1056,2022-11-22,28974.977499999997,28.974977499999998
1057,2022-11-23,28757.280833333334,28.757280833333333
1058,2022-11-24,23279.038750000003,23.279038750000005
1059,2022-11-25,21836.37958333333,21.836379583333333
1060,2022-11-26,16973.87958333333,16.973879583333332
1061,2022-11-27,25742.545833333334,25.742545833333335
1062,2022-11-28,23072.689583333336,23.072689583333336
1063,2022-11-29,11519.832499999999,11.519832499999998
1064,2022-11-30,11366.035416666666,11.366035416666666
1065,2022-12-01,11632.47875,11.63247875
1066,2022-12-02,19301.924166666668,19.301924166666666
1067,2022-12-03,18707.398333333334,18.707398333333334
1068,2022-12-04,19175.564583333333,19.175564583333333
1069,2022-12-05,16769.585833333334,16.769585833333334
1070,2022-12-06,13533.7525,13.5337525
1071,2022-12-07,23769.412916666668,23.769412916666667
1072,2022-12-08,15294.75,15.29475
1073,2022-12-09,12126.306666666665,12.126306666666666
1074,2022-12-10,10684.41,10.68441
1075,2022-12-11,10549.177083333334,10.549177083333333
1076,2022-12-12,12458.327916666667,12.458327916666667
1077,2022-12-13,17276.850000000002,17.276850000000003
1078,2022-12-14,16986.654583333333,16.986654583333333
1079,2022-12-15,17924.5925,17.9245925
1080,2022-12-16,12086.398333333333,12.086398333333333
1081,2022-12-17,15338.525,15.338524999999999
1082,2022-12-18,25285.063333333335,25.285063333333337
1083,2022-12-19,36126.1425,36.1261425
1084,2022-12-20,35675.583333333336,35.675583333333336
1085,2022-12-21,25857.32875,25.85732875
1086,2022-12-22,28840.28,28.84028
1087,2022-12-23,20868.243749999998,20.868243749999998
1088,2022-12-24,26456.48375,26.45648375
1089,2022-12-25,24172.410416666666,24.172410416666665
1090,2022-12-26,36671.05458333333,36.67105458333333
1091,2022-12-27,37974.49958333333,37.97449958333333
1092,2022-12-28,42530.345,42.530345000000004
1093,2022-12-29,42625.769583333335,42.62576958333334
1094,2022-12-30,40815.917083333334,40.81591708333333
1095,2022-12-31,39727.71958333333,39.72771958333333
1096,2023-01-01,34838.83458333334,34.83883458333334
1097,2023-01-02,34375.54625,34.37554625
1098,2023-01-03,25696.56708333333,25.69656708333333
1099,2023-01-04,50302.28125,50.30228125
1100,2023-01-05,35192.97875,35.19297875
1101,2023-01-06,33837.583333333336,33.837583333333335
1102,2023-01-07,31837.205416666668,31.837205416666666
1103,2023-01-08,32418.9275,32.4189275
1104,2023-01-09,29393.757500000003,29.393757500000003
1105,2023-01-10,32156.381250000002,32.15638125
1106,2023-01-11,39813.47583333334,39.813475833333335
1107,2023-01-12,50165.5625,50.1655625
1108,2023-01-13,49666.825000000004,49.666825
1109,2023-01-14,47368.25916666666,47.36825916666666
1110,2023-01-15,47331.10166666666,47.33110166666666
1111,2023-01-16,36166.64708333334,36.16664708333334
1112,2023-01-17,31485.40125,31.48540125
1113,2023-01-18,23022.3,23.022299999999998
1114,2023-01-19,28932.034166666668,28.932034166666668
1115,2023-01-20,12592.010833333334,12.592010833333333
1116,2023-01-21,20971.999166666665,20.971999166666663
1117,2023-01-22,17801.535416666666,17.801535416666667
1118,2023-01-23,12778.717499999999,12.778717499999999
1119,2023-01-24,11397.200833333334,11.397200833333335
1120,2023-01-25,12038.9225,12.0389225
1121,2023-01-26,13807.262916666667,13.807262916666666
1122,2023-01-27,16263.63375,16.26363375
1123,2023-01-28,12845.636250000001,12.845636250000002
1124,2023-01-29,28277.684999999998,28.277684999999998
1125,2023-01-30,42092.7925,42.0927925
1126,2023-01-31,41537.14625,41.53714625
1127,2023-02-01,47661.284583333334,47.661284583333334
1128,2023-02-02,34611.447916666664,34.61144791666666
1129,2023-02-03,46962.50875,46.96250875
1130,2023-02-04,18055.325833333332,18.05532583333333
1131,2023-02-05,19465.2975,19.465297500000002
1132,2023-02-06,13575.777499999998,13.5757775
1133,2023-02-07,17785.441666666666,17.785441666666667
1134,2023-02-08,24237.092916666665,24.237092916666665
1135,2023-02-09,30652.914999999997,30.652914999999997
1136,2023-02-10,31817.743749999998,31.817743749999998
1137,2023-02-11,33459.636666666665,33.45963666666667
1138,2023-02-12,13975.352916666669,13.975352916666669
1139,2023-02-13,13992.850416666666,13.992850416666666
1140,2023-02-14,13549.86,13.54986
1141,2023-02-15,17222.913333333334,17.222913333333334
1142,2023-02-16,28760.341666666664,28.760341666666662
1143,2023-02-17,47529.25958333333,47.529259583333335
1144,2023-02-18,39160.356250000004,39.16035625000001
1145,2023-02-19,27528.364583333332,27.52836458333333
1146,2023-02-20,47587.41916666667,47.58741916666666
1147,2023-02-21,28013.30125,28.01330125
1148,2023-02-22,17184.495,17.184495
1149,2023-02-23,16852.6775,16.852677500000002
1150,2023-02-24,33506.27291666667,33.50627291666667
1151,2023-02-25,37932.95083333333,37.93295083333333
1152,2023-02-26,27077.84125,27.077841250000002
1153,2023-02-27,19619.609583333335,19.619609583333336
1154,2023-02-28,20269.220833333333,20.269220833333332
1155,2023-03-01,21489.140833333335,21.489140833333334
1156,2023-03-02,20165.08625,20.16508625
1157,2023-03-03,20361.94208333333,20.361942083333332
1158,2023-03-04,29961.91458333333,29.961914583333332
1159,2023-03-05,22512.419166666663,22.512419166666664
1160,2023-03-06,20316.517916666668,20.31651791666667
1161,2023-03-07,38296.02291666667,38.29602291666667
1162,2023-03-08,17245.221666666668,17.24522166666667
1163,2023-03-09,20894.0825,20.8940825
1164,2023-03-10,34537.33416666667,34.53733416666667
1165,2023-03-11,29958.7075,29.9587075
1166,2023-03-12,29119.45,29.11945
1167,2023-03-13,48356.96958333333,48.35696958333333
1168,2023-03-14,44018.06166666667,44.01806166666667
1169,2023-03-15,29710.118333333332,29.71011833333333
1170,2023-03-16,36681.65,36.681650000000005
1171,2023-03-17,33089.27875,33.08927875
1172,2023-03-18,22427.84833333333,22.42784833333333
1173,2023-03-19,18454.876666666667,18.454876666666667
1174,2023-03-20,20684.537500000002,20.6845375
1175,2023-03-21,23384.361666666668,23.384361666666667
1176,2023-03-22,40172.73541666667,40.17273541666667
1177,2023-03-23,38985.30583333333,38.985305833333335
1178,2023-03-24,41347.18,41.34718
1179,2023-03-25,44632.25791666666,44.63225791666666
1180,2023-03-26,29823.130434782608,29.82313043478261
1181,2023-03-27,38134.802083333336,38.134802083333334
1182,2023-03-28,29282.467083333333,29.282467083333334
1183,2023-03-29,24254.08,24.254080000000002
1184,2023-03-30,41241.605833333335,41.24160583333334
1185,2023-03-31,30673.100000000002,30.6731
1186,2023-04-01,39297.385416666664,39.297385416666664
1187,2023-04-02,33587.43541666667,33.587435416666665
1188,2023-04-03,27586.381666666668,27.586381666666668
1189,2023-04-04,21118.2575,21.1182575
1190,2023-04-05,19159.326250000002,19.159326250000003
1191,2023-04-06,26663.467916666665,26.663467916666665
1192,2023-04-07,25860.140833333335,25.860140833333336
1193,2023-04-08,14771.88125,14.77188125
1194,2023-04-09,18983.860833333332,18.98386083333333
1195,2023-04-10,38092.37416666667,38.092374166666666
1196,2023-04-11,38525.29125,38.52529125
1197,2023-04-12,31478.6125,31.4786125
1198,2023-04-13,32551.520833333332,32.551520833333335
1199,2023-04-14,19831.399583333332,19.831399583333333
1200,2023-04-15,24102.83125,24.102831249999998
1201,2023-04-16,17655.410416666666,17.655410416666665
1202,2023-04-17,22430.607916666664,22.430607916666663
1203,2023-04-18,29997.751666666667,29.997751666666666
1204,2023-04-19,36583.60666666667,36.58360666666667
1205,2023-04-20,30426.2825,30.426282500000003
1206,2023-04-21,38092.25875,38.09225875
1207,2023-04-22,32933.167083333334,32.93316708333333
1208,2023-04-23,24422.93291666667,24.422932916666667
1209,2023-04-24,38038.05625,38.038056250000004
1210,2023-04-25,33383.28166666667,33.38328166666667
1211,2023-04-26,29516.31,29.51631
1212,2023-04-27,22581.351250000003,22.581351250000004
1213,2023-04-28,22825.071249999997,22.825071249999997
1214,2023-04-29,24586.632083333334,24.586632083333335
1215,2023-04-30,23870.1925,23.8701925
1216,2023-05-01,22417.874166666665,22.417874166666664
1217,2023-05-02,27799.334166666667,27.799334166666668
1218,2023-05-03,24125.78,24.12578
1219,2023-05-04,29594.43416666667,29.59443416666667
1220,2023-05-05,33665.731250000004,33.66573125000001
1221,2023-05-06,25562.045833333334,25.562045833333332
1222,2023-05-07,32195.399999999998,32.1954
1223,2023-05-08,30001.165416666667,30.001165416666666
1224,2023-05-09,34202.464583333334,34.20246458333333
1225,2023-05-10,23985.080416666668,23.98508041666667
1226,2023-05-11,17784.3225,17.7843225
1227,2023-05-12,27024.124583333334,27.024124583333336
1228,2023-05-13,26423.730833333335,26.423730833333334
1229,2023-05-14,20721.77125,20.721771250000003
1230,2023-05-15,25154.73375,25.15473375
1231,2023-05-16,36042.40083333333,36.04240083333333
1232,2023-05-17,33724.4475,33.724447500000004
1233,2023-05-18,24976.778333333332,24.976778333333332
1234,2023-05-19,27800.210000000003,27.800210000000003
1235,2023-05-20,32945.480833333335,32.945480833333335
1236,2023-05-21,30552.872083333335,30.552872083333334
1237,2023-05-22,29824.39,29.82439
1238,2023-05-23,34739.82541666667,34.73982541666667
1239,2023-05-24,24262.307083333333,24.262307083333333
1240,2023-05-25,29507.345416666667,29.507345416666666
1241,2023-05-26,32279.30125,32.27930125
1242,2023-05-27,26692.170416666664,26.692170416666663
1243,2023-05-28,26705.749583333334,26.705749583333333
1244,2023-05-29,31641.185416666664,31.641185416666662
1245,2023-05-30,28379.125,28.379125
1246,2023-05-31,31900.047916666666,31.900047916666665
1247,2023-06-01,33092.82125,33.09282125
1248,2023-06-02,30030.950833333332,30.030950833333332
1249,2023-06-03,29811.624583333334,29.811624583333334
1250,2023-06-04,26452.33208333333,26.45233208333333
1251,2023-06-05,25313.008749999997,25.313008749999998
1252,2023-06-06,22915.732083333332,22.91573208333333
1253,2023-06-07,22510.59875,22.51059875
1254,2023-06-08,24647.577083333334,24.647577083333335
1255,2023-06-09,30505.16625,30.50516625
1256,2023-06-10,34072.479166666664,34.07247916666667
1257,2023-06-11,35076.003749999996,35.07600375
1258,2023-06-12,34165.98416666667,34.16598416666667
1259,2023-06-13,35571.31791666667,35.571317916666665
1260,2023-06-14,30151.70583333333,30.15170583333333
1261,2023-06-15,23480.98041666667,23.480980416666668
1262,2023-06-16,22536.523333333334,22.536523333333335
1263,2023-06-17,21384.486666666668,21.384486666666668
1264,2023-06-18,21423.077083333334,21.423077083333332
1265,2023-06-19,26805.6575,26.805657500000002
1266,2023-06-20,23945.384166666667,23.945384166666667
1267,2023-06-21,25590.900416666667,25.590900416666667
1268,2023-06-22,25573.928333333333,25.573928333333335
1269,2023-06-23,27980.9975,27.9809975
1270,2023-06-24,23233.099583333333,23.23309958333333
1271,2023-06-25,22134.235833333336,22.134235833333335
1272,2023-06-26,36866.974583333336,36.86697458333334
1273,2023-06-27,32953.177083333336,32.95317708333334
1274,2023-06-28,24131.514583333334,24.131514583333335
1275,2023-06-29,19799.46,19.79946
1276,2023-06-30,17997.73875,17.99773875
1277,2023-07-01,34663.473333333335,34.663473333333336
1278,2023-07-02,39198.682916666665,39.19868291666666
1279,2023-07-03,40921.204999999994,40.92120499999999
1280,2023-07-04,38219.29083333333,38.21929083333333
1281,2023-07-05,44321.86083333333,44.32186083333333
1282,2023-07-06,28620.2625,28.6202625
1283,2023-07-07,24762.517916666668,24.762517916666667
1284,2023-07-08,29007.5275,29.007527500000002
1285,2023-07-09,26464.618749999998,26.464618749999996
1286,2023-07-10,24458.825,24.458825
1287,2023-07-11,28415.190000000002,28.415190000000003
1288,2023-07-12,34668.64625,34.668646249999995
1289,2023-07-13,30788.65291666667,30.78865291666667
1290,2023-07-14,23483.518333333337,23.483518333333336
1291,2023-07-15,36063.2825,36.0632825
1292,2023-07-16,35856.47708333333,35.85647708333333
1293,2023-07-17,34901.72375,34.901723749999995
1294,2023-07-18,25093.357916666664,25.093357916666665
1295,2023-07-19,22004.028749999998,22.004028749999996
1296,2023-07-20,26198.867500000004,26.198867500000002
1297,2023-07-21,18961.402916666666,18.961402916666668
1298,2023-07-22,27006.705,27.006705
1299,2023-07-23,35508.879583333335,35.50887958333333
1300,2023-07-24,30310.271666666667,30.31027166666667
1301,2023-07-25,25554.01291666667,25.55401291666667
1302,2023-07-26,28923.570416666666,28.923570416666667
1303,2023-07-27,26232.11208333333,26.23211208333333
1304,2023-07-28,23920.94583333333,23.92094583333333
1305,2023-07-29,25012.46416666667,25.012464166666668
1306,2023-07-30,32081.038749999996,32.08103875
1307,2023-07-31,35724.15666666667,35.72415666666667
1308,2023-08-01,35493.88125,35.49388125
1309,2023-08-02,33753.224583333336,33.753224583333335
1310,2023-08-03,43962.479583333334,43.962479583333334
1311,2023-08-04,23137.375,23.137375
1312,2023-08-05,18906.587916666667,18.906587916666666
1313,2023-08-06,23904.85625,23.90485625
1314,2023-08-07,42825.5925,42.8255925
1315,2023-08-08,42181.09458333333,42.18109458333333
1316,2023-08-09,28763.132083333334,28.763132083333335
1317,2023-08-10,23511.007500000003,23.5110075
1318,2023-08-11,23027.018333333337,23.027018333333338
1319,2023-08-12,22366.306666666667,22.366306666666667
1320,2023-08-13,22548.187083333334,22.548187083333335
1321,2023-08-14,20680.031666666666,20.680031666666665
1322,2023-08-15,23009.420833333334,23.009420833333333
1323,2023-08-16,20282.062916666666,20.282062916666664
1324,2023-08-17,22472.30416666667,22.472304166666667
1325,2023-08-18,24644.700833333332,24.64470083333333
1326,2023-08-19,25566.80125,25.56680125
1327,2023-08-20,20733.478333333333,20.733478333333334
1328,2023-08-21,19893.787083333333,19.893787083333333
1329,2023-08-22,20170.111666666668,20.170111666666667
1330,2023-08-23,20503.634166666667,20.503634166666668
1331,2023-08-24,20124.857083333332,20.124857083333332
1332,2023-08-25,20732.979166666668,20.732979166666667
1333,2023-08-26,23731.24166666667,23.73124166666667
1334,2023-08-27,17488.9525,17.4889525
1335,2023-08-28,18346.31125,18.34631125
1336,2023-08-29,13364.79875,13.36479875
1337,2023-08-30,19425.89625,19.42589625
1338,2023-08-31,28432.219166666666,28.432219166666666
1339,2023-09-01,21087.572083333333,21.08757208333333
1340,2023-09-02,18915.434583333332,18.915434583333333
1341,2023-09-03,20581.98875,20.58198875
1342,2023-09-04,24027.286666666667,24.027286666666665
1343,2023-09-05,26207.431249999998,26.20743125
1344,2023-09-06,24431.127916666665,24.431127916666664
1345,2023-09-07,31399.48375,31.399483749999998
1346,2023-09-08,25575.158750000002,25.575158750000003
1347,2023-09-09,19976.428333333333,19.976428333333335
1348,2023-09-10,18101.91041666667,18.10191041666667
1349,2023-09-11,20780.615416666667,20.780615416666667
1350,2023-09-12,19218.22625,19.21822625
1351,2023-09-13,22889.453333333335,22.889453333333336
1352,2023-09-14,18395.9525,18.3959525
1353,2023-09-15,24246.561666666665,24.246561666666665
1354,2023-09-16,21984.257083333334,21.984257083333333
1355,2023-09-17,21500.693750000002,21.500693750000003
1356,2023-09-18,32389.327083333334,32.389327083333335
1357,2023-09-19,40992.650416666664,40.99265041666666
1358,2023-09-20,37317.941249999996,37.31794125
1359,2023-09-21,30014.514166666664,30.014514166666665
1360,2023-09-22,24081.218333333334,24.081218333333336
1361,2023-09-23,27004.75458333333,27.00475458333333
1362,2023-09-24,24572.788333333334,24.572788333333335
1363,2023-09-25,29793.92,29.79392
1364,2023-09-26,18896.653333333332,18.896653333333333
1365,2023-09-27,20362.882916666666,20.362882916666667
1366,2023-09-28,26761.785416666666,26.761785416666665
1367,2023-09-29,29371.687083333334,29.371687083333335
1368,2023-09-30,25119.961666666666,25.119961666666665
1369,2023-10-01,22397.63791666667,22.39763791666667
1370,2023-10-02,21689.683333333334,21.689683333333335
1371,2023-10-03,42348.65458333333,42.34865458333333
1372,2023-10-04,38806.9375,38.8069375
1373,2023-10-05,30982.880416666667,30.982880416666667
1374,2023-10-06,38617.81125,38.617811249999995
1375,2023-10-07,36992.693333333336,36.992693333333335
1376,2023-10-08,17918.681666666667,17.918681666666668
1377,2023-10-09,21412.218333333334,21.412218333333335
1378,2023-10-10,23776.59708333333,23.776597083333332
1379,2023-10-11,43544.90666666667,43.54490666666667
1380,2023-10-12,24472.196666666667,24.472196666666665
1381,2023-10-13,40048.18,40.04818
1382,2023-10-14,40726.854166666664,40.72685416666666
1383,2023-10-15,36824.01791666667,36.82401791666667
1384,2023-10-16,22622.826666666664,22.622826666666665
1385,2023-10-17,16593.3525,16.5933525
1386,2023-10-18,30321.821666666667,30.32182166666667
1387,2023-10-19,31872.624166666665,31.872624166666665
1388,2023-10-20,37521.56208333333,37.52156208333333
1389,2023-10-21,32726.961666666666,32.72696166666667
1390,2023-10-22,32450.25833333333,32.45025833333333
1391,2023-10-23,18537.0925,18.5370925
1392,2023-10-24,22883.84875,22.883848750000002
1393,2023-10-25,25227.37833333333,25.22737833333333
1394,2023-10-26,20230.893333333333,20.230893333333334
1395,2023-10-27,20747.906666666666,20.747906666666665
1396,2023-10-28,27005.536666666667,27.005536666666668
1397,2023-10-29,42243.0692,42.2430692
1398,2023-10-30,30414.551666666666,30.414551666666668
1399,2023-10-31,30621.99166666667,30.62199166666667
1400,2023-11-01,33372.90375,33.37290375
1401,2023-11-02,44727.61625,44.72761625
1402,2023-11-03,37226.96125,37.22696125
1403,2023-11-04,43603.120416666665,43.60312041666666
1404,2023-11-05,37886.268749999996,37.88626874999999
1405,2023-11-06,47149.01125,47.14901125
1406,2023-11-07,39092.70083333333,39.09270083333333
1407,2023-11-08,42962.09875,42.962098749999996
1408,2023-11-09,36653.71833333333,36.65371833333333
1409,2023-11-10,32123.697083333333,32.12369708333333
1410,2023-11-11,23314.32625,23.314326249999997
1411,2023-11-12,16320.102916666665,16.320102916666666
1412,2023-11-13,31698.215,31.698215
1413,2023-11-14,45504.04041666666,45.50404041666666
1414,2023-11-15,31787.81375,31.78781375
1415,2023-11-16,27079.23375,27.07923375
1416,2023-11-17,19659.399166666666,19.659399166666667
1417,2023-11-18,25358.787500000002,25.358787500000002
1418,2023-11-19,42674.181666666664,42.67418166666666
1419,2023-11-20,27722.306249999998,27.72230625
1420,2023-11-21,18948.29125,18.948291249999997
1421,2023-11-22,24334.70583333333,24.33470583333333
1422,2023-11-23,49712.261666666665,49.71226166666666
1423,2023-11-24,47257.4575,47.257457499999994
1424,2023-11-25,31167.40375,31.167403750000002
1425,2023-11-26,17524.694583333334,17.524694583333336
1426,2023-11-27,25134.372916666664,25.134372916666663
1427,2023-11-28,23969.461666666666,23.969461666666668
1428,2023-11-29,26992.872083333332,26.99287208333333
1429,2023-11-30,10769.485833333334,10.769485833333334
1430,2023-12-01,11535.10125,11.53510125
1431,2023-12-02,11291.832499999999,11.291832499999998
1432,2023-12-03,17152.995,17.152995
1433,2023-12-04,27321.381666666668,27.321381666666667
1434,2023-12-05,29937.39833333333,29.93739833333333
1435,2023-12-06,17318.55375,17.31855375
1436,2023-12-07,15357.229166666666,15.357229166666666
1437,2023-12-08,23836.95,23.83695
1438,2023-12-09,35149.121666666666,35.149121666666666
1439,2023-12-10,43225.87583333333,43.22587583333333
1440,2023-12-11,36034.45041666667,36.034450416666665
1441,2023-12-12,19365.282916666667,19.36528291666667
1442,2023-12-13,26144.16458333333,26.144164583333332
1443,2023-12-14,14052.4375,14.0524375
1444,2023-12-15,22215.22333333333,22.21522333333333
1445,2023-12-16,36577.677083333336,36.577677083333334
1446,2023-12-17,38283.45125,38.28345125
1447,2023-12-18,40430.09166666667,40.43009166666667
1448,2023-12-19,38251.74916666667,38.25174916666667
1449,2023-12-20,45819.6775,45.8196775
1450,2023-12-21,54501.3725,54.501372499999995
1451,2023-12-22,53749.36916666667,53.74936916666667
1452,2023-12-23,40925.40125,40.92540125
1453,2023-12-24,48084.09916666666,48.08409916666666
1454,2023-12-25,43445.87583333333,43.44587583333333
1455,2023-12-26,45720.424166666664,45.72042416666666
1456,2023-12-27,30293.515416666665,30.293515416666665
1457,2023-12-28,50752.18458333333,50.75218458333333
1458,2023-12-29,52556.90708333333,52.55690708333333
1459,2023-12-30,41018.12458333333,41.01812458333333
1460,2023-12-31,40468.181666666664,40.468181666666666
1461,2024-01-01,40589.29416666667,40.58929416666667
1462,2024-01-02,40512.690833333334,40.51269083333334
1463,2024-01-03,49499.85333333333,49.499853333333334
1464,2024-01-04,32457.19916666667,32.45719916666667
1465,2024-01-05,31578.80416666667,31.578804166666668
1466,2024-01-06,24090.679999999997,24.090679999999995
1467,2024-01-07,25429.8025,25.4298025
1468,2024-01-08,30326.937916666666,30.326937916666665
1469,2024-01-09,21930.87166666667,21.93087166666667
1470,2024-01-10,16857.51875,16.85751875
1471,2024-01-11,16115.677083333334,16.115677083333335
1472,2024-01-12,17951.01125,17.95101125
1473,2024-01-13,33570.175833333335,33.57017583333334
1474,2024-01-14,36735.15083333333,36.735150833333336
1475,2024-01-15,36622.52875,36.62252875
1476,2024-01-16,25824.592916666665,25.824592916666663
1477,2024-01-17,22416.270416666666,22.416270416666666
1478,2024-01-18,19243.1575,19.243157500000002
1479,2024-01-19,38561.340416666666,38.56134041666667
1480,2024-01-20,39520.80416666667,39.52080416666667
1481,2024-01-21,45603.37458333333,45.60337458333333
1482,2024-01-22,51678.99041666667,51.678990416666664
1483,2024-01-23,50471.7825,50.4717825
1484,2024-01-24,54849.62958333333,54.849629583333325
1485,2024-01-25,36056.26625,36.05626625
1486,2024-01-26,42634.23875,42.634238749999994
1487,2024-01-27,35315.5375,35.3155375
1488,2024-01-28,32943.09166666667,32.94309166666667
1489,2024-01-29,30301.504166666666,30.301504166666664
1490,2024-01-30,32551.516666666666,32.551516666666664
1491,2024-01-31,34759.775,34.759775000000005
1492,2024-02-01,41472.74916666667,41.47274916666667
1493,2024-02-02,45271.298749999994,45.27129874999999
1494,2024-02-03,48835.682083333326,48.835682083333324
1495,2024-02-04,51536.361666666664,51.536361666666664
1496,2024-02-05,56621.957083333335,56.621957083333335
1497,2024-02-06,57519.30875,57.51930874999999
1498,2024-02-07,34392.18041666666,34.39218041666666
1499,2024-02-08,20090.7575,20.0907575
1500,2024-02-09,35610.29,35.61029
1501,2024-02-10,23152.124166666665,23.152124166666663
1502,2024-02-11,26640.093333333334,26.640093333333333
1503,2024-02-12,23186.62625,23.18662625
1504,2024-02-13,32619.52666666667,32.619526666666665
1505,2024-02-14,30047.275416666667,30.04727541666667
1506,2024-02-15,26968.365416666667,26.968365416666668
1507,2024-02-16,34706.59458333333,34.706594583333334
1508,2024-02-17,23547.29125,23.547291249999997
1509,2024-02-18,32405.65125,32.40565125
1510,2024-02-19,37622.715833333335,37.62271583333334
1511,2024-02-20,34393.985,34.393985
1512,2024-02-21,39655.700000000004,39.6557
1513,2024-02-22,41537.97625,41.53797625
1514,2024-02-23,43680.16958333333,43.68016958333333
1515,2024-02-24,30456.272500000003,30.456272500000004
1516,2024-02-25,27259.825833333332,27.259825833333334
1517,2024-02-26,24683.196666666667,24.683196666666667
1518,2024-02-27,17177.877083333333,17.177877083333332
1519,2024-02-28,17630.560833333333,17.630560833333334
1520,2024-02-29,34815.339166666665,34.81533916666667
1521,2024-03-01,27060.895833333332,27.060895833333333
1522,2024-03-02,29486.572083333333,29.486572083333332
1523,2024-03-03,28859.59875,28.85959875
1524,2024-03-04,18597.102083333335,18.597102083333336
1525,2024-03-05,22817.100000000002,22.817100000000003
1526,2024-03-06,17856.67625,17.85667625
1527,2024-03-07,25114.41,25.11441
1528,2024-03-08,41485.497083333335,41.485497083333335
1529,2024-03-09,42111.6275,42.111627500000004
1530,2024-03-10,41356.284583333334,41.356284583333334
1531,2024-03-11,31308.92375,31.30892375
1532,2024-03-12,16353.630833333335,16.353630833333334
1533,2024-03-13,22642.780416666665,22.642780416666664
1534,2024-03-14,29979.09833333333,29.979098333333333
1535,2024-03-15,39258.332083333335,39.258332083333336
1536,2024-03-16,38401.61583333334,38.40161583333334
1537,2024-03-17,24233.45875,24.23345875
1538,2024-03-18,23419.02125,23.41902125
1539,2024-03-19,23261.37875,23.26137875
1540,2024-03-20,18361.0625,18.3610625
1541,2024-03-21,26003.517083333336,26.003517083333335
1542,2024-03-22,32704.884166666667,32.704884166666666
1543,2024-03-23,36723.880833333336,36.72388083333334
1544,2024-03-24,44836.449166666665,44.83644916666667
1545,2024-03-25,27405.052083333332,27.40505208333333
1546,2024-03-26,34381.88833333333,34.38188833333333
1547,2024-03-27,25847.395,25.847395
1548,2024-03-28,38360.165,38.360165
1549,2024-03-29,36066.465000000004,36.066465
1550,2024-03-30,24484.487916666665,24.484487916666666
1551,2024-03-31,21327.963043478263,21.327963043478263
1552,2024-04-01,26056.423333333336,26.056423333333335
1553,2024-04-02,47079.894166666665,47.07989416666666
1554,2024-04-03,28007.127916666668,28.00712791666667
1555,2024-04-04,41256.13208333334,41.256132083333334
1556,2024-04-05,42238.23291666667,42.23823291666667
1557,2024-04-06,37089.332083333335,37.08933208333333
1558,2024-04-07,34415.912083333336,34.41591208333334
1559,2024-04-08,23935.630833333333,23.93563083333333
1560,2024-04-09,36952.12291666667,36.95212291666667
1561,2024-04-10,31991.824583333335,31.991824583333337
1562,2024-04-11,33980.17625,33.98017625
1563,2024-04-12,33286.06083333333,33.28606083333333
1564,2024-04-13,36212.90875,36.212908750000004
1565,2024-04-14,37265.26458333333,37.26526458333333
1566,2024-04-15,32514.033333333336,32.51403333333334
1567,2024-04-16,37994.73458333333,37.99473458333333
1568,2024-04-17,20872.475416666664,20.872475416666664
1569,2024-04-18,24760.868333333332,24.76086833333333
1570,2024-04-19,42559.05625,42.559056250000005
1571,2024-04-20,30617.429999999997,30.617429999999995
1572,2024-04-21,27359.8175,27.359817500000002
1573,2024-04-22,22638.37041666667,22.638370416666667
1574,2024-04-23,24099.989583333332,24.099989583333333
1575,2024-04-24,26908.3575,26.908357499999997
1576,2024-04-25,23518.241250000003,23.518241250000003
1577,2024-04-26,25589.674166666668,25.58967416666667
1578,2024-04-27,28466.594583333335,28.466594583333336
1579,2024-04-28,37694.6975,37.694697500000004
1580,2024-04-29,27371.075833333332,27.371075833333332
1581,2024-04-30,31588.70375,31.58870375
1582,2024-05-01,37786.03208333333,37.78603208333333
1583,2024-05-02,43403.691249999996,43.403691249999994
1584,2024-05-03,30318.00333333333,30.31800333333333
1585,2024-05-04,21426.7825,21.4267825
1586,2024-05-05,30604.595416666667,30.604595416666665
1587,2024-05-06,21276.563749999998,21.276563749999998
1588,2024-05-07,20220.774999999998,20.220774999999996
1589,2024-05-08,20607.424583333333,20.607424583333334
1590,2024-05-09,23739.482916666664,23.739482916666663
1591,2024-05-10,23659.354166666668,23.659354166666667
1592,2024-05-11,25647.873333333333,25.647873333333333
1593,2024-05-12,33588.635,33.588635000000004
1594,2024-05-13,38847.392916666664,38.847392916666664
1595,2024-05-14,44098.048749999994,44.09804875
1596,2024-05-15,41066.46083333334,41.06646083333334
1597,2024-05-16,38408.73875,38.40873875
1598,2024-05-17,35548.277083333334,35.54827708333333
1599,2024-05-18,25614.732916666664,25.614732916666664
1600,2024-05-19,22987.260833333334,22.987260833333334
1601,2024-05-20,25804.687083333334,25.804687083333334
1602,2024-05-21,33579.35,33.57935
1603,2024-05-22,30465.00833333333,30.46500833333333
1604,2024-05-23,25305.84833333333,25.30584833333333
1605,2024-05-24,21975.67625,21.97567625
1606,2024-05-25,22928.954583333336,22.928954583333336
1607,2024-05-26,25155.55916666667,25.15555916666667
1608,2024-05-27,23694.712499999998,23.694712499999998
1609,2024-05-28,25364.809583333335,25.364809583333336
1610,2024-05-29,32454.625,32.454625
1611,2024-05-30,20776.02,20.77602
1612,2024-05-31,22039.547083333335,22.039547083333336
1613,2024-06-01,27776.314166666667,27.776314166666666
1614,2024-06-02,32174.62958333333,32.174629583333335
1615,2024-06-03,22519.324583333335,22.519324583333336
1616,2024-06-04,23916.051666666666,23.916051666666668
1617,2024-06-05,33133.6175,33.1336175
1618,2024-06-06,28812.000833333335,28.812000833333336
1619,2024-06-07,26834.900416666667,26.834900416666667
1620,2024-06-08,33110.12333333333,33.11012333333333
1621,2024-06-09,32178.043333333335,32.178043333333335
1622,2024-06-10,30329.22,30.32922
1623,2024-06-11,39341.72541666667,39.34172541666667
1624,2024-06-12,32475.28125,32.47528125
1625,2024-06-13,26223.987916666665,26.223987916666665
1626,2024-06-14,29818.58083333333,29.81858083333333
1627,2024-06-15,38035.16291666667,38.03516291666667
1628,2024-06-16,32858.45125,32.85845125
1629,2024-06-17,25468.614166666666,25.468614166666665
1630,2024-06-18,22870.91791666667,22.87091791666667
1631,2024-06-19,24137.897500000003,24.1378975
1632,2024-06-20,22593.78458333333,22.59378458333333
1633,2024-06-21,21925.295416666664,21.925295416666664
1634,2024-06-22,33421.45416666667,33.42145416666667
1635,2024-06-23,24387.7375,24.3877375
1636,2024-06-24,25176.35875,25.17635875
1637,2024-06-25,30928.98,30.92898
1638,2024-06-26,28266.267083333336,28.266267083333336
1639,2024-06-27,25615.79375,25.61579375
1640,2024-06-28,34197.277916666666,34.197277916666664
1641,2024-06-29,26044.6975,26.044697499999998
1642,2024-06-30,26447.569583333334,26.447569583333333
1643,2024-07-01,25747.057083333333,25.747057083333335
1644,2024-07-02,28890.099166666667,28.890099166666666
1645,2024-07-03,25251.043749999997,25.251043749999997
1646,2024-07-04,41385.50875,41.38550875
1647,2024-07-05,39694.93958333333,39.69493958333333
1648,2024-07-06,40774.525,40.774525000000004
1649,2024-07-07,32091.07375,32.09107375
1650,2024-07-08,26509.438333333335,26.509438333333335
1651,2024-07-09,33307.70958333334,33.307709583333335
1652,2024-07-10,26896.677916666667,26.89667791666667
1653,2024-07-11,23927.354166666668,23.927354166666667
1654,2024-07-12,28151.45708333333,28.15145708333333
1655,2024-07-13,33064.447916666664,33.064447916666666
1656,2024-07-14,30286.78625,30.286786250000002
1657,2024-07-15,29589.273333333334,29.589273333333335
1658,2024-07-16,34965.0775,34.9650775
1659,2024-07-17,32359.20625,32.35920625
1660,2024-07-18,24391.115416666667,24.39111541666667
1661,2024-07-19,24691.77,24.69177
1662,2024-07-20,28574.28125,28.57428125
1663,2024-07-21,26422.71375,26.42271375
1664,2024-07-22,29302.564166666667,29.302564166666667
1665,2024-07-23,27550.345833333336,27.550345833333335
1666,2024-07-24,29302.763333333332,29.30276333333333
1667,2024-07-25,25648.602916666667,25.64860291666667
1668,2024-07-26,24076.12166666667,24.07612166666667
1669,2024-07-27,17563.390833333335,17.563390833333333
1670,2024-07-28,28264.572916666668,28.26457291666667
1671,2024-07-29,27242.0,27.242
1672,2024-07-30,24798.431666666667,24.798431666666666
1673,2024-07-31,22741.97208333333,22.74197208333333
1674,2024-08-01,21984.76625,21.98476625
1675,2024-08-02,20252.495833333334,20.252495833333334
1676,2024-08-03,22170.577083333334,22.170577083333335
1677,2024-08-04,26754.344166666666,26.754344166666666
1678,2024-08-05,22306.07416666667,22.30607416666667
1679,2024-08-06,24865.215833333335,24.865215833333334
1680,2024-08-07,22828.655833333334,22.828655833333332
1681,2024-08-08,21962.224583333333,21.96222458333333
1682,2024-08-09,37476.64,37.476639999999996
1683,2024-08-10,31593.845,31.593845
1684,2024-08-11,25452.024166666666,25.452024166666668
1685,2024-08-12,27127.542083333334,27.127542083333335
1686,2024-08-13,31612.140416666665,31.612140416666666
1687,2024-08-14,24205.22333333333,24.205223333333333
1688,2024-08-15,24197.615,24.197615000000003
1689,2024-08-16,25757.11333333333,25.75711333333333
1690,2024-08-17,18417.914583333335,18.417914583333335
1691,2024-08-18,16556.11625,16.55611625
1692,2024-08-19,20822.289166666666,20.822289166666664
1693,2024-08-20,26849.477499999997,26.8494775
1694,2024-08-21,38822.253333333334,38.822253333333336
1695,2024-08-22,35977.93083333333,35.97793083333333
1696,2024-08-23,43715.89124999999,43.71589124999999
1697,2024-08-24,35032.76708333333,35.03276708333333
1698,2024-08-25,32802.642916666664,32.80264291666666
1699,2024-08-26,25998.70875,25.998708750000002
1700,2024-08-27,25543.23833333333,25.54323833333333
1701,2024-08-28,29515.950833333332,29.51595083333333
1702,2024-08-29,25956.71875,25.95671875
1703,2024-08-30,22010.61666666667,22.010616666666667
1704,2024-08-31,27757.105833333335,27.757105833333334
1705,2024-09-01,33425.269583333335,33.42526958333333
1706,2024-09-02,27592.279166666664,27.592279166666664
1707,2024-09-03,21872.6675,21.8726675
1708,2024-09-04,21387.771666666667,21.387771666666666
1709,2024-09-05,38790.38833333333,38.790388333333325
1710,2024-09-06,35141.15083333333,35.141150833333334
1711,2024-09-07,26073.017916666664,26.073017916666664
1712,2024-09-08,22521.04375,22.52104375
1713,2024-09-09,24459.546666666665,24.459546666666665
1714,2024-09-10,39544.2675,39.544267500000004
1715,2024-09-11,31602.818333333333,31.60281833333333
1716,2024-09-12,21747.35875,21.74735875
1717,2024-09-13,27715.227916666667,27.715227916666667
1718,2024-09-14,32355.706666666665,32.35570666666666
1719,2024-09-15,26491.22666666667,26.49122666666667
1720,2024-09-16,22836.82375,22.83682375
1721,2024-09-17,28964.63666666667,28.96463666666667
1722,2024-09-18,31370.653333333332,31.370653333333333
1723,2024-09-19,33740.505833333336,33.74050583333334
1724,2024-09-20,36785.10208333333,36.78510208333333
1725,2024-09-21,28274.13791666667,28.27413791666667
1726,2024-09-22,20510.43875,20.510438750000002
1727,2024-09-23,17314.885,17.314884999999997
1728,2024-09-24,26359.365,26.359365
1729,2024-09-25,33982.64208333333,33.98264208333333
1730,2024-09-26,39756.26291666667,39.756262916666664
1731,2024-09-27,52913.8825,52.9138825
1732,2024-09-28,38596.18708333333,38.596187083333334
1733,2024-09-29,26305.215833333335,26.305215833333335
1734,2024-09-30,40149.63208333334,40.14963208333334
1735,2024-10-01,33837.68791666667,33.83768791666667
1736,2024-10-02,26578.283750000002,26.57828375
1737,2024-10-03,26166.07875,26.16607875
1738,2024-10-04,20311.77666666667,20.311776666666667
1739,2024-10-05,16970.897083333333,16.970897083333334
1740,2024-10-06,27644.972916666666,27.644972916666667
1741,2024-10-07,28345.757916666666,28.345757916666667
1742,2024-10-08,27093.27916666667,27.093279166666672
1743,2024-10-09,32880.097916666666,32.880097916666664
1744,2024-10-10,40513.706249999996,40.51370625
1745,2024-10-11,29007.64,29.00764
1746,2024-10-12,33150.292916666665,33.150292916666665
1747,2024-10-13,48543.61666666667,48.543616666666665
1748,2024-10-14,21527.884583333333,21.527884583333332
1749,2024-10-15,23942.029166666664,23.942029166666664
1750,2024-10-16,43612.785416666666,43.61278541666667
1751,2024-10-17,32521.59625,32.52159625
1752,2024-10-18,18007.3225,18.007322499999997
1753,2024-10-19,21422.942916666667,21.422942916666667
1754,2024-10-20,30107.2975,30.1072975
1755,2024-10-21,29606.689166666667,29.606689166666666
1756,2024-10-22,27147.13,27.14713
1757,2024-10-23,19387.82125,19.387821250000002
1758,2024-10-24,23369.445000000003,23.369445000000002
1759,2024-10-25,20737.84,20.73784
1760,2024-10-26,19054.53583333333,19.054535833333333
1761,2024-10-27,21028.854,21.028854
1762,2024-10-28,26521.638333333332,26.521638333333332
1763,2024-10-29,17875.34,17.87534
1764,2024-10-30,16550.07,16.550069999999998
1765,2024-10-31,23443.202916666665,23.443202916666664
1766,2024-11-01,30255.842916666665,30.255842916666666
1767,2024-11-02,15564.456666666667,15.564456666666667
1768,2024-11-03,18336.88625,18.33688625
1769,2024-11-04,14865.621666666666,14.865621666666666
1770,2024-11-05,14403.477083333333,14.403477083333334
1771,2024-11-06,8797.922083333333,8.797922083333333
1772,2024-11-07,9655.807916666667,9.655807916666667
1773,2024-11-08,18899.18291666667,18.899182916666668
1774,2024-11-09,13373.099166666667,13.373099166666666
1775,2024-11-10,10384.855,10.384855
1776,2024-11-11,18472.32375,18.47232375
1777,2024-11-12,13908.717499999999,13.908717499999998
1778,2024-11-13,14744.31875,14.74431875
1779,2024-11-14,24233.219166666666,24.233219166666665
1780,2024-11-15,19694.962916666667,19.694962916666668
1781,2024-11-16,33150.71,33.15071
1782,2024-11-17,41265.802083333336,41.265802083333334
1783,2024-11-18,37512.442083333335,37.51244208333333
1784,2024-11-19,30338.180416666666,30.338180416666667
1785,2024-11-20,32358.36375,32.35836375
1786,2024-11-21,30151.534166666665,30.151534166666664
1787,2024-11-22,39074.6425,39.0746425
1788,2024-11-23,40402.68125,40.40268125
1789,2024-11-24,50586.09583333333,50.58609583333333
1790,2024-11-25,44470.331666666665,44.47033166666667
1791,2024-11-26,31648.25333333333,31.64825333333333
1792,2024-11-27,35865.5325,35.8655325
1793,2024-11-28,42791.86375,42.79186375
1794,2024-11-29,18841.947083333333,18.841947083333334
1795,2024-11-30,30152.895833333332,30.152895833333332
1796,2024-12-01,25924.12125,25.92412125
1797,2024-12-02,30498.49625,30.49849625
1798,2024-12-03,25252.51958333333,25.25251958333333
1799,2024-12-04,16041.562083333332,16.041562083333332
1800,2024-12-05,36108.66541666666,36.10866541666666
1801,2024-12-06,40377.74375,40.37774375
1802,2024-12-07,34767.85333333333,34.767853333333335
1803,2024-12-08,25394.215833333335,25.394215833333334
1804,2024-12-09,37962.5,37.9625
1805,2024-12-10,24741.285416666666,24.741285416666667
1806,2024-12-11,10135.915416666667,10.135915416666666
1807,2024-12-12,9447.3375,9.4473375
1808,2024-12-13,14259.55625,14.25955625
1809,2024-12-14,28767.35166666667,28.76735166666667
1810,2024-12-15,45126.9575,45.126957499999996
1811,2024-12-16,51874.698333333334,51.874698333333335
1812,2024-12-17,34586.99125,34.58699125
1813,2024-12-18,46734.263333333336,46.73426333333334
1814,2024-12-19,49672.42625,49.672426249999994
1815,2024-12-20,43991.37083333333,43.99137083333333
1816,2024-12-21,49884.43208333334,49.88443208333334
1817,2024-12-22,41089.75833333333,41.08975833333333
1818,2024-12-23,39848.75875,39.84875875
1819,2024-12-24,20739.02625,20.73902625
1820,2024-12-25,17499.913333333334,17.499913333333335
1821,2024-12-26,13089.805416666668,13.089805416666668
1822,2024-12-27,11190.473333333333,11.190473333333333
1823,2024-12-28,11465.10125,11.46510125
1824,2024-12-29,22800.145,22.800145
1825,2024-12-30,32648.72875,32.64872875
1826,2024-12-31,34532.72666666666,34.53272666666666
